date,AverageTemp,AverageTempUncertainty
1/1/1853,24.219,1.072
2/1/1853,23.765,0.983
3/1/1853,25.812,1.493
4/1/1853,26.842,1.219
5/1/1853,27.647,0.964
6/1/1853,27.235,0.977
7/1/1853,27.277,0.925
8/1/1853,26.925,0.928
9/1/1853,26.474,0.916
10/1/1853,25.969,1.005
11/1/1853,25.665,1.556
12/1/1853,24.954,0.993
1/1/1854,24.421,1.415
2/1/1854,24.629,1.057
3/1/1854,26.125,1.256
4/1/1854,26.607,0.864
5/1/1854,27.687,0.935
6/1/1854,26.999,0.998
7/1/1854,27.488,1.183
8/1/1854,27.016,1.125
9/1/1854,26.072,0.873
10/1/1854,26.41,1.414
11/1/1854,25.601,1.045
12/1/1854,25.504,1.759
1/1/1855,25.185,1.682
2/1/1855,25.548,1.014
3/1/1855,26.013,0.877
4/1/1855,27.617,1.332
5/1/1855,27.833,1.037
6/1/1855,26.892,1.087
7/1/1855,26.596,1.042
8/1/1855,26.583,0.889
9/1/1855,25.912,0.87
10/1/1855,25.193,1.382
11/1/1855,25.101,0.924
12/1/1855,23.932,1.54
1/1/1856,24.518,1.071
2/1/1856,24.137,1.294
3/1/1856,25.375,1.062
4/1/1856,26.53,0.874
5/1/1856,26.985,1.206
6/1/1856,27.331,1.151
7/1/1856,26.504,1.099
8/1/1856,26.061,1.336
9/1/1856,25.925,1.076
10/1/1856,25.119,0.956
11/1/1856,24.804,1.162
12/1/1856,24.68,1.148
1/1/1857,24.307,1.055
2/1/1857,25.07,1.326
3/1/1857,25.768,1.202
4/1/1857,26.026,0.858
5/1/1857,26.524,0.888
6/1/1857,26.402,0.923
7/1/1857,26.694,0.923
8/1/1857,25.932,1.199
9/1/1857,25.726,0.87
10/1/1857,25.246,1.052
11/1/1857,,
12/1/1857,,
1/1/1858,25.062,1.51
2/1/1858,24.444,1.029
3/1/1858,25.699,0.975
4/1/1858,27.048,1.367
5/1/1858,27.091,1.168
6/1/1858,26.827,1.034
7/1/1858,26.342,1.041
8/1/1858,26.11,0.99
9/1/1858,25.93,1.01
10/1/1858,25.997,0.951
11/1/1858,25.906,1.09
12/1/1858,24.693,1.048
1/1/1859,24.597,0.972
2/1/1859,,
3/1/1859,25.619,1.21
4/1/1859,27.383,1.038
5/1/1859,27.855,1.037
6/1/1859,27.415,1.035
7/1/1859,26.484,1.042
8/1/1859,26.466,0.873
9/1/1859,25.914,0.865
10/1/1859,26.116,1.112
11/1/1859,25.533,1.175
12/1/1859,24.538,1.235
1/1/1860,24.56,0.993
2/1/1860,24.964,0.985
3/1/1860,25.128,1.823
4/1/1860,26.503,1.063
5/1/1860,27.117,0.874
6/1/1860,27.178,0.895
7/1/1860,26.984,0.903
8/1/1860,27.005,0.893
9/1/1860,26.458,0.964
10/1/1860,26.151,0.937
11/1/1860,25.015,0.997
12/1/1860,24.017,1.255
1/1/1861,23.481,0.95
2/1/1861,24.101,1.01
3/1/1861,25.465,0.93
4/1/1861,26.59,0.907
5/1/1861,26.906,1.057
6/1/1861,26.942,1.329
7/1/1861,26.664,1.122
8/1/1861,26.945,0.834
9/1/1861,26.172,0.839
10/1/1861,25.706,0.908
11/1/1861,25.846,1.263
12/1/1861,24.643,1.439
1/1/1862,23.154,0.978
2/1/1862,23.586,1.153
3/1/1862,25.131,0.867
4/1/1862,,
5/1/1862,,
6/1/1862,,
7/1/1862,,
8/1/1862,,
9/1/1862,,
10/1/1862,,
11/1/1862,,
12/1/1862,,
1/1/1863,,
2/1/1863,,
3/1/1863,,
4/1/1863,,
5/1/1863,,
6/1/1863,,
7/1/1863,,
8/1/1863,,
9/1/1863,,
10/1/1863,,
11/1/1863,,
12/1/1863,,
1/1/1864,,
2/1/1864,,
3/1/1864,,
4/1/1864,,
5/1/1864,,
6/1/1864,,
7/1/1864,,
8/1/1864,,
9/1/1864,,
10/1/1864,,
11/1/1864,,
12/1/1864,,
1/1/1865,25.881,1.118
2/1/1865,25.103,1.559
3/1/1865,25.281,0.977
4/1/1865,26.611,1.547
5/1/1865,27.262,1.037
6/1/1865,27.354,0.943
7/1/1865,,
8/1/1865,26.743,0.977
9/1/1865,26.515,0.872
10/1/1865,26.074,0.849
11/1/1865,25.876,1.176
12/1/1865,24.476,1.226
1/1/1866,25.304,0.977
2/1/1866,24.637,0.918
3/1/1866,25.417,1.068
4/1/1866,26.353,0.946
5/1/1866,27.604,0.991
6/1/1866,26.448,0.918
7/1/1866,27.178,1.009
8/1/1866,26.97,1.189
9/1/1866,26.272,0.804
10/1/1866,25.533,0.804
11/1/1866,25.667,0.907
12/1/1866,25.404,1.106
1/1/1867,24.695,0.977
2/1/1867,25.053,0.845
3/1/1867,25.968,0.902
4/1/1867,27.234,1.217
5/1/1867,27.001,0.807
6/1/1867,27.48,0.937
7/1/1867,,
8/1/1867,26.477,0.85
9/1/1867,26.579,0.931
10/1/1867,26.476,0.836
11/1/1867,26.229,1.331
12/1/1867,25.513,1.377
1/1/1868,24.844,1.188
2/1/1868,24.986,1.714
3/1/1868,25.752,0.897
4/1/1868,27.147,1.167
5/1/1868,27.656,1.096
6/1/1868,26.953,0.915
7/1/1868,27.009,0.833
8/1/1868,26.772,0.889
9/1/1868,26.504,0.943
10/1/1868,26.656,0.827
11/1/1868,25.483,1.042
12/1/1868,25.416,1.091
1/1/1869,24.967,1.137
2/1/1869,26.036,1.059
3/1/1869,25.79,1.108
4/1/1869,26.702,1.108
5/1/1869,27.644,0.934
6/1/1869,27.456,0.896
7/1/1869,27.288,1.057
8/1/1869,26.937,0.864
9/1/1869,26.92,0.847
10/1/1869,25.984,0.92
11/1/1869,25.326,1.132
12/1/1869,24.581,1.202
1/1/1870,24.605,1.033
2/1/1870,24.323,1.176
3/1/1870,26.074,1.406
4/1/1870,27.373,1.603
5/1/1870,27.602,0.909
6/1/1870,27.883,1.276
7/1/1870,27.489,1.119
8/1/1870,26.531,0.869
9/1/1870,26.33,0.924
10/1/1870,25.854,0.934
11/1/1870,25.257,1.062
12/1/1870,24.235,1.261
1/1/1871,24.44,1.293
2/1/1871,24.358,1.238
3/1/1871,25.905,1.044
4/1/1871,27.691,1.542
5/1/1871,27.589,1.041
6/1/1871,26.97,0.924
7/1/1871,27.002,0.92
8/1/1871,26.874,0.844
9/1/1871,26.355,1.212
10/1/1871,26.056,0.907
11/1/1871,24.852,0.973
12/1/1871,24.119,0.973
1/1/1872,24.094,1.663
2/1/1872,23.825,1.311
3/1/1872,25.788,1.003
4/1/1872,27.459,1.373
5/1/1872,27.967,1.018
6/1/1872,27.206,0.956
7/1/1872,27.186,0.873
8/1/1872,27.039,1.1
9/1/1872,26.704,0.864
10/1/1872,26.138,0.793
11/1/1872,25.46,0.865
12/1/1872,24.821,1.225
1/1/1873,24.125,0.945
2/1/1873,25.26,0.989
3/1/1873,25.763,0.9
4/1/1873,26.588,1.106
5/1/1873,27.191,1.127
6/1/1873,27.19,0.83
7/1/1873,26.823,1.051
8/1/1873,26.575,0.867
9/1/1873,26.349,0.956
10/1/1873,26.217,0.888
11/1/1873,25.899,0.997
12/1/1873,25.617,0.919
1/1/1874,24.668,1.093
2/1/1874,25.285,1.025
3/1/1874,25.43,1.331
4/1/1874,26.937,0.885
5/1/1874,27.765,1.059
6/1/1874,27.717,1.02
7/1/1874,27.054,0.947
8/1/1874,26.777,0.836
9/1/1874,26.828,0.926
10/1/1874,26.514,1.05
11/1/1874,25.377,0.846
12/1/1874,25.421,0.965
1/1/1875,23.859,0.888
2/1/1875,24.411,1.059
3/1/1875,26.005,1.359
4/1/1875,26.625,0.925
5/1/1875,27.493,1.065
6/1/1875,27.247,1.1
7/1/1875,27.132,0.979
8/1/1875,26.747,1.399
9/1/1875,26.16,0.873
10/1/1875,25.825,0.858
11/1/1875,24.83,1.092
12/1/1875,23.953,0.834
1/1/1876,24.103,0.878
2/1/1876,24.832,0.857
3/1/1876,25.597,1.107
4/1/1876,26.65,1.037
5/1/1876,26.856,0.943
6/1/1876,26.977,1.196
7/1/1876,26.604,0.92
8/1/1876,26.13,0.911
9/1/1876,26.325,0.892
10/1/1876,25.834,0.872
11/1/1876,24.983,1.023
12/1/1876,24.061,1.063
1/1/1877,25.045,1.278
2/1/1877,24.839,1.162
3/1/1877,26.233,0.839
4/1/1877,26.703,1.1
5/1/1877,27.399,1.118
6/1/1877,27.089,1.287
7/1/1877,27.114,1.059
8/1/1877,27.111,1.072
9/1/1877,26.779,0.908
10/1/1877,26.358,0.979
11/1/1877,26.689,1.174
12/1/1877,25.325,1.531
1/1/1878,24.093,1.143
2/1/1878,25.161,1.143
3/1/1878,27.072,0.913
4/1/1878,27.863,1.11
5/1/1878,27.438,0.856
6/1/1878,27.819,1.021
7/1/1878,27.461,1.034
8/1/1878,27.042,0.895
9/1/1878,27.027,1.043
10/1/1878,26.838,0.906
11/1/1878,26.461,0.897
12/1/1878,24.986,1.085
1/1/1879,24.664,0.872
2/1/1879,25.355,0.938
3/1/1879,25.656,0.82
4/1/1879,26.917,1.066
5/1/1879,27.624,1.195
6/1/1879,26.861,0.868
7/1/1879,26.785,1.098
8/1/1879,26.3,0.971
9/1/1879,26.278,0.904
10/1/1879,26.338,0.989
11/1/1879,25.457,0.962
12/1/1879,24.402,0.91
1/1/1880,23.985,1.101
2/1/1880,24.784,0.947
3/1/1880,25.695,0.955
4/1/1880,26.178,0.697
5/1/1880,27.383,0.748
6/1/1880,26.773,0.742
7/1/1880,26.827,0.756
8/1/1880,26.613,0.842
9/1/1880,26.471,0.852
10/1/1880,26.252,1.102
11/1/1880,25.279,1.46
12/1/1880,23.963,1.545
1/1/1881,24.233,1.514
2/1/1881,25.05,1.752
3/1/1881,25.156,1.147
4/1/1881,26.577,1.669
5/1/1881,27.02,1.069
6/1/1881,26.29,0.879
7/1/1881,26.383,0.72
8/1/1881,26.076,1.025
9/1/1881,26.445,0.838
10/1/1881,25.945,0.931
11/1/1881,25.518,0.852
12/1/1881,25.06,0.929
1/1/1882,25.568,0.895
2/1/1882,24.966,0.727
3/1/1882,25.706,0.639
4/1/1882,26.681,0.65
5/1/1882,27.316,0.697
6/1/1882,26.65,0.699
7/1/1882,26.347,0.719
8/1/1882,26.445,0.793
9/1/1882,26.877,0.979
10/1/1882,26.442,1.064
11/1/1882,25.368,0.904
12/1/1882,24.404,1.372
1/1/1883,24.4,0.682
2/1/1883,24.469,1.364
3/1/1883,25.789,0.912
4/1/1883,26.998,0.745
5/1/1883,27.422,0.74
6/1/1883,26.963,0.714
7/1/1883,26.993,0.941
8/1/1883,26.292,0.714
9/1/1883,26.274,1.095
10/1/1883,26.149,0.636
11/1/1883,25.403,1.084
12/1/1883,24.295,0.983
1/1/1884,24.808,1.146
2/1/1884,24.22,0.852
3/1/1884,25.168,0.764
4/1/1884,25.692,0.789
5/1/1884,26.177,0.867
6/1/1884,25.987,0.9
7/1/1884,26.256,0.69
8/1/1884,26.165,0.681
9/1/1884,25.851,0.68
10/1/1884,25.829,0.66
11/1/1884,24.949,0.803
12/1/1884,24.28,0.931
1/1/1885,24.417,1.327
2/1/1885,23.999,1.644
3/1/1885,25.507,1.141
4/1/1885,27.015,1.362
5/1/1885,27.515,1.293
6/1/1885,26.844,0.788
7/1/1885,26.572,0.638
8/1/1885,26.092,0.701
9/1/1885,25.915,0.613
10/1/1885,25.571,0.749
11/1/1885,25.277,0.789
12/1/1885,25.063,1.255
1/1/1886,23.386,0.968
2/1/1886,22.984,1.416
3/1/1886,25.028,0.584
4/1/1886,26.334,0.651
5/1/1886,26.839,0.678
6/1/1886,26.466,0.779
7/1/1886,26.662,1.122
8/1/1886,26.333,0.637
9/1/1886,26.357,0.627
10/1/1886,26.312,0.655
11/1/1886,25.108,0.815
12/1/1886,23.719,1.142
1/1/1887,23.782,0.84
2/1/1887,23.756,1.159
3/1/1887,24.855,1.212
4/1/1887,25.888,1.101
5/1/1887,26.732,0.789
6/1/1887,26.545,1.22
7/1/1887,26.592,0.728
8/1/1887,25.887,0.715
9/1/1887,26.499,0.666
10/1/1887,25.775,0.65
11/1/1887,25.484,0.755
12/1/1887,24.561,0.806
1/1/1888,24.582,0.973
2/1/1888,23.856,1.611
3/1/1888,25.837,0.825
4/1/1888,27.295,0.735
5/1/1888,27.519,0.91
6/1/1888,26.92,0.606
7/1/1888,27.322,0.719
8/1/1888,26.759,0.795
9/1/1888,26.621,0.696
10/1/1888,26.359,1.1
11/1/1888,26.051,0.648
12/1/1888,25.29,0.809
1/1/1889,24.479,0.782
2/1/1889,25.038,0.875
3/1/1889,26.272,0.796
4/1/1889,27.58,0.752
5/1/1889,28.06,0.733
6/1/1889,27.618,0.595
7/1/1889,26.878,1.399
8/1/1889,26.43,0.707
9/1/1889,26.239,0.757
10/1/1889,26.307,0.886
11/1/1889,25.208,0.805
12/1/1889,24.64,0.907
1/1/1890,24.325,0.693
2/1/1890,24.825,0.961
3/1/1890,25.315,1.164
4/1/1890,26.96,0.879
5/1/1890,26.895,0.797
6/1/1890,26.526,0.804
7/1/1890,26.59,0.786
8/1/1890,25.957,0.709
9/1/1890,25.897,0.693
10/1/1890,25.797,0.668
11/1/1890,25.164,0.844
12/1/1890,25.273,0.767
1/1/1891,25.016,1.01
2/1/1891,24.371,0.912
3/1/1891,25.072,0.637
4/1/1891,26.303,0.782
5/1/1891,27.315,1.413
6/1/1891,26.89,1.215
7/1/1891,26.472,0.438
8/1/1891,26.226,0.628
9/1/1891,26.465,0.55
10/1/1891,26.334,0.609
11/1/1891,25.384,0.748
12/1/1891,25.092,0.458
1/1/1892,24.514,0.519
2/1/1892,25.197,0.627
3/1/1892,25.664,1.368
4/1/1892,26.375,0.84
5/1/1892,27.083,0.962
6/1/1892,26.907,0.383
7/1/1892,26.496,0.953
8/1/1892,26.101,0.67
9/1/1892,26.43,0.672
10/1/1892,26.186,0.668
11/1/1892,25.276,1.044
12/1/1892,24.285,0.512
1/1/1893,23.906,0.936
2/1/1893,23.948,0.699
3/1/1893,25.314,0.687
4/1/1893,26.651,0.575
5/1/1893,26.507,0.595
6/1/1893,26.95,0.577
7/1/1893,26.762,1.191
8/1/1893,26.602,0.944
9/1/1893,26.435,0.657
10/1/1893,26.013,0.416
11/1/1893,25.507,0.455
12/1/1893,24.961,0.794
1/1/1894,24.243,0.77
2/1/1894,24.712,0.858
3/1/1894,25.552,1.097
4/1/1894,26.357,0.762
5/1/1894,27.004,0.503
6/1/1894,26.781,0.51
7/1/1894,26.298,0.713
8/1/1894,26.308,1.299
9/1/1894,26.273,0.934
10/1/1894,26.087,0.478
11/1/1894,25.509,0.615
12/1/1894,24.914,0.598
1/1/1895,24.307,0.788
2/1/1895,24.776,0.53
3/1/1895,25.131,0.817
4/1/1895,26.61,0.937
5/1/1895,26.842,0.801
6/1/1895,26.778,0.991
7/1/1895,26.551,0.555
8/1/1895,26.09,0.553
9/1/1895,26.737,0.585
10/1/1895,25.94,0.624
11/1/1895,25.227,0.823
12/1/1895,24.641,0.978
1/1/1896,24.134,1.372
2/1/1896,24.403,0.751
3/1/1896,25.253,0.557
4/1/1896,26.753,1.055
5/1/1896,26.603,1.137
6/1/1896,26.826,1.101
7/1/1896,26.519,1.402
8/1/1896,26.774,0.871
9/1/1896,26.481,0.89
10/1/1896,26.211,1.084
11/1/1896,26.104,0.631
12/1/1896,25.071,0.545
1/1/1897,25.674,0.585
2/1/1897,25.271,0.842
3/1/1897,26.412,1.167
4/1/1897,27.145,0.746
5/1/1897,27.888,0.499
6/1/1897,27.399,0.723
7/1/1897,26.811,0.545
8/1/1897,26.48,0.564
9/1/1897,26.597,0.653
10/1/1897,26.286,0.665
11/1/1897,26.038,0.619
12/1/1897,25.267,0.823
1/1/1898,24.787,0.8
2/1/1898,25.473,0.753
3/1/1898,25.774,0.643
4/1/1898,26.912,0.753
5/1/1898,27.846,0.726
6/1/1898,26.872,0.518
7/1/1898,26.421,0.453
8/1/1898,26.542,0.451
9/1/1898,26.352,0.472
10/1/1898,26.16,0.737
11/1/1898,25.579,0.652
12/1/1898,24.681,0.685
1/1/1899,24.724,0.758
2/1/1899,24.411,0.77
3/1/1899,25.181,0.982
4/1/1899,26.813,0.806
5/1/1899,27.372,0.774
6/1/1899,26.115,0.67
7/1/1899,26.867,0.603
8/1/1899,26.38,0.651
9/1/1899,26.664,0.749
10/1/1899,25.868,0.651
11/1/1899,25.428,1.068
12/1/1899,25.472,0.714
1/1/1900,24.678,0.883
2/1/1900,24.778,1.001
3/1/1900,26.247,0.805
4/1/1900,27.341,0.999
5/1/1900,27.382,0.833
6/1/1900,27.016,0.887
7/1/1900,26.907,0.979
8/1/1900,26.81,0.715
9/1/1900,26.607,0.74
10/1/1900,26.424,0.784
11/1/1900,25.685,0.689
12/1/1900,25.141,0.813
1/1/1901,25.395,0.771
2/1/1901,23.776,0.857
3/1/1901,25.74,0.721
4/1/1901,27.354,0.824
5/1/1901,27.6,0.736
6/1/1901,27.347,0.736
7/1/1901,27.056,0.792
8/1/1901,26.131,0.727
9/1/1901,26.354,0.688
10/1/1901,25.867,0.692
11/1/1901,25.399,0.721
12/1/1901,24.679,0.731
1/1/1902,24.621,0.83
2/1/1902,23.919,0.706
3/1/1902,26.027,0.695
4/1/1902,27.154,0.795
5/1/1902,27.292,0.726
6/1/1902,26.929,0.78
7/1/1902,26.998,0.811
8/1/1902,26.597,0.741
9/1/1902,26.25,0.684
10/1/1902,25.645,0.682
11/1/1902,25.91,0.74
12/1/1902,25.094,0.936
1/1/1903,24.979,0.636
2/1/1903,24.572,0.696
3/1/1903,25.542,0.54
4/1/1903,26.839,0.565
5/1/1903,27.627,0.556
6/1/1903,27.702,0.511
7/1/1903,27.036,0.413
8/1/1903,26.956,0.397
9/1/1903,26.647,0.507
10/1/1903,26.232,0.485
11/1/1903,25.75,0.679
12/1/1903,24.801,0.633
1/1/1904,24.409,0.678
2/1/1904,24.318,0.739
3/1/1904,25.446,0.664
4/1/1904,26.068,0.337
5/1/1904,26.886,0.369
6/1/1904,26.627,0.324
7/1/1904,26.579,0.404
8/1/1904,26.516,0.56
9/1/1904,26.249,0.429
10/1/1904,25.947,0.497
11/1/1904,25.375,0.581
12/1/1904,24.552,0.638
1/1/1905,24.552,0.816
2/1/1905,24.157,0.646
3/1/1905,25.897,0.693
4/1/1905,26.893,0.356
5/1/1905,27.58,0.367
6/1/1905,27.305,0.459
7/1/1905,26.501,0.34
8/1/1905,26.57,0.494
9/1/1905,26.231,0.327
10/1/1905,26.29,0.53
11/1/1905,25.359,0.513
12/1/1905,25.397,0.568
1/1/1906,24.889,0.442
2/1/1906,25.252,0.503
3/1/1906,25.825,0.428
4/1/1906,27.123,0.567
5/1/1906,27.442,0.459
6/1/1906,27.101,0.488
7/1/1906,26.953,0.292
8/1/1906,26.891,0.33
9/1/1906,26.449,0.511
10/1/1906,25.936,0.347
11/1/1906,25.261,0.423
12/1/1906,25.233,0.585
1/1/1907,24.407,0.453
2/1/1907,24.584,0.47
3/1/1907,25.39,0.289
4/1/1907,26.289,0.52
5/1/1907,27.321,0.447
6/1/1907,27.015,0.346
7/1/1907,26.66,0.35
8/1/1907,26.332,0.296
9/1/1907,26.416,0.336
10/1/1907,26.259,0.38
11/1/1907,26.086,0.445
12/1/1907,24.986,0.565
1/1/1908,24.906,0.393
2/1/1908,24.993,0.514
3/1/1908,25.595,0.454
4/1/1908,26.892,0.399
5/1/1908,27.205,0.357
6/1/1908,26.986,0.377
7/1/1908,26.566,0.303
8/1/1908,26.787,0.366
9/1/1908,26.701,0.376
10/1/1908,26.254,0.381
11/1/1908,25.427,0.415
12/1/1908,25.148,0.652
1/1/1909,24.847,0.458
2/1/1909,24.991,0.423
3/1/1909,25.729,0.325
4/1/1909,26.65,0.4
5/1/1909,27.336,0.41
6/1/1909,27.325,0.309
7/1/1909,26.449,0.303
8/1/1909,26.993,0.361
9/1/1909,26.667,0.287
10/1/1909,26.409,0.448
11/1/1909,25.82,0.325
12/1/1909,24.736,0.402
1/1/1910,24.851,0.453
2/1/1910,25.122,0.462
3/1/1910,25.665,0.335
4/1/1910,26.482,0.466
5/1/1910,27.092,0.567
6/1/1910,27.104,0.384
7/1/1910,26.99,0.381
8/1/1910,26.875,0.369
9/1/1910,26.461,0.316
10/1/1910,26.025,0.384
11/1/1910,25.534,0.413
12/1/1910,25.318,0.411
1/1/1911,25.076,0.345
2/1/1911,24.68,0.437
3/1/1911,25.484,0.333
4/1/1911,26.266,0.224
5/1/1911,26.962,0.24
6/1/1911,27.118,0.358
7/1/1911,26.511,0.292
8/1/1911,26.678,0.323
9/1/1911,26.55,0.328
10/1/1911,26.168,0.298
11/1/1911,25.669,0.383
12/1/1911,25.387,0.318
1/1/1912,24.79,0.548
2/1/1912,25.429,0.321
3/1/1912,26.162,0.28
4/1/1912,27.127,0.31
5/1/1912,28.186,0.244
6/1/1912,27.904,0.303
7/1/1912,26.818,0.316
8/1/1912,26.587,0.39
9/1/1912,26.574,0.339
10/1/1912,26.045,0.406
11/1/1912,25.845,0.294
12/1/1912,25.177,0.415
1/1/1913,24.934,0.392
2/1/1913,25.122,0.353
3/1/1913,26.034,0.313
4/1/1913,26.547,0.178
5/1/1913,27.186,0.142
6/1/1913,27.301,0.263
7/1/1913,26.682,0.301
8/1/1913,26.581,0.302
9/1/1913,26.482,0.462
10/1/1913,25.756,0.577
11/1/1913,25.702,0.427
12/1/1913,25.298,0.324
1/1/1914,24.561,0.524
2/1/1914,24.623,0.312
3/1/1914,26.291,0.314
4/1/1914,27.056,0.44
5/1/1914,27.96,0.465
6/1/1914,27.178,0.328
7/1/1914,27.194,0.439
8/1/1914,26.9,0.46
9/1/1914,26.811,0.432
10/1/1914,26.218,0.545
11/1/1914,26.471,0.297
12/1/1914,25.981,0.4
1/1/1915,25.231,0.402
2/1/1915,25.493,0.438
3/1/1915,26.348,0.713
4/1/1915,27.49,0.452
5/1/1915,27.905,0.476
6/1/1915,27.938,0.357
7/1/1915,27.465,0.522
8/1/1915,27.357,0.552
9/1/1915,26.946,0.524
10/1/1915,26.485,0.406
11/1/1915,26.362,0.417
12/1/1915,25.468,0.308
1/1/1916,24.839,0.478
2/1/1916,25.178,0.435
3/1/1916,25.736,0.538
4/1/1916,26.503,0.407
5/1/1916,26.908,0.374
6/1/1916,26.713,0.439
7/1/1916,26.876,0.625
8/1/1916,26.954,0.566
9/1/1916,26.393,0.357
10/1/1916,26.005,0.336
11/1/1916,25.779,0.276
12/1/1916,25.304,0.472
1/1/1917,24.763,0.455
2/1/1917,24.568,0.396
3/1/1917,25.871,0.329
4/1/1917,26.78,0.284
5/1/1917,27.009,0.309
6/1/1917,26.955,0.28
7/1/1917,26.39,0.496
8/1/1917,26.851,0.278
9/1/1917,26.373,0.283
10/1/1917,25.948,0.313
11/1/1917,25.624,0.457
12/1/1917,25.039,0.377
1/1/1918,23.45,0.372
2/1/1918,24.019,0.618
3/1/1918,24.964,0.413
4/1/1918,26.035,0.283
5/1/1918,27.109,0.309
6/1/1918,26.53,0.31
7/1/1918,26.803,0.244
8/1/1918,26.358,0.212
9/1/1918,26.768,0.333
10/1/1918,26.059,0.232
11/1/1918,25.88,0.353
12/1/1918,25.015,0.239
1/1/1919,24.88,0.348
2/1/1919,25.387,0.33
3/1/1919,26.212,0.434
4/1/1919,27.193,0.522
5/1/1919,27.979,0.252
6/1/1919,27.352,0.25
7/1/1919,26.785,0.217
8/1/1919,26.818,0.295
9/1/1919,26.486,0.328
10/1/1919,26.213,0.242
11/1/1919,25.764,0.157
12/1/1919,25.196,0.302
1/1/1920,24.638,0.388
2/1/1920,25.32,0.375
3/1/1920,26.068,0.232
4/1/1920,26.982,0.573
5/1/1920,27.361,0.277
6/1/1920,27.498,0.3
7/1/1920,26.991,0.331
8/1/1920,27.099,0.301
9/1/1920,26.553,0.353
10/1/1920,25.877,0.348
11/1/1920,25.933,0.415
12/1/1920,24.974,0.7
1/1/1921,24.839,0.263
2/1/1921,25.224,0.39
3/1/1921,26.222,0.367
4/1/1921,26.749,0.419
5/1/1921,27.362,0.287
6/1/1921,27.008,0.314
7/1/1921,26.972,0.56
8/1/1921,26.719,0.324
9/1/1921,26.539,0.354
10/1/1921,26.253,0.414
11/1/1921,25.787,0.236
12/1/1921,24.948,0.403
1/1/1922,25.009,0.333
2/1/1922,25.373,0.291
3/1/1922,26.014,0.298
4/1/1922,27.232,0.256
5/1/1922,27.547,0.464
6/1/1922,27.386,0.32
7/1/1922,26.776,0.314
8/1/1922,26.8,0.453
9/1/1922,26.556,0.378
10/1/1922,26.281,0.487
11/1/1922,25.907,0.382
12/1/1922,25.296,0.245
1/1/1923,24.719,0.338
2/1/1923,25.191,0.356
3/1/1923,25.533,0.262
4/1/1923,26.699,0.183
5/1/1923,26.873,0.399
6/1/1923,26.843,0.227
7/1/1923,26.715,0.364
8/1/1923,26.535,0.266
9/1/1923,26.698,0.292
10/1/1923,26.126,0.26
11/1/1923,25.801,0.467
12/1/1923,25.376,0.434
1/1/1924,24.777,0.212
2/1/1924,25.425,0.398
3/1/1924,25.929,0.337
4/1/1924,27.126,0.42
5/1/1924,27.773,0.396
6/1/1924,27.102,0.362
7/1/1924,26.778,0.16
8/1/1924,26.821,0.422
9/1/1924,26.741,0.298
10/1/1924,26.217,0.313
11/1/1924,25.526,0.315
12/1/1924,24.571,0.336
1/1/1925,25.412,0.468
2/1/1925,24.998,0.434
3/1/1925,25.893,0.413
4/1/1925,26.716,0.294
5/1/1925,27.282,0.35
6/1/1925,26.852,0.377
7/1/1925,26.583,0.234
8/1/1925,26.895,0.253
9/1/1925,26.727,0.162
10/1/1925,25.887,0.231
11/1/1925,25.862,0.237
12/1/1925,24.674,0.24
1/1/1926,24.482,0.289
2/1/1926,25.325,0.403
3/1/1926,25.853,0.344
4/1/1926,27.11,0.345
5/1/1926,28.076,0.309
6/1/1926,27.381,0.365
7/1/1926,26.759,0.236
8/1/1926,26.619,0.293
9/1/1926,26.512,0.287
10/1/1926,26.236,0.34
11/1/1926,25.941,0.197
12/1/1926,25.092,0.214
1/1/1927,24.76,0.345
2/1/1927,25.477,0.227
3/1/1927,26.232,0.31
4/1/1927,27.007,0.298
5/1/1927,27.568,0.278
6/1/1927,27.113,0.318
7/1/1927,26.835,0.235
8/1/1927,26.733,0.228
9/1/1927,27.052,0.254
10/1/1927,26.163,0.254
11/1/1927,26.185,0.348
12/1/1927,25.636,0.354
1/1/1928,25.455,0.216
2/1/1928,25.422,0.396
3/1/1928,26.239,0.377
4/1/1928,26.863,0.22
5/1/1928,27.731,0.388
6/1/1928,27.044,0.294
7/1/1928,26.868,0.254
8/1/1928,27.292,0.329
9/1/1928,26.838,0.541
10/1/1928,25.989,0.21
11/1/1928,26.058,0.383
12/1/1928,25.285,0.435
1/1/1929,24.343,0.386
2/1/1929,25.125,0.282
3/1/1929,25.628,0.217
4/1/1929,26.65,0.157
5/1/1929,27.452,0.322
6/1/1929,27.348,0.291
7/1/1929,26.438,0.318
8/1/1929,26.472,0.325
9/1/1929,26.73,0.33
10/1/1929,25.927,0.251
11/1/1929,25.689,0.395
12/1/1929,25.087,0.275
1/1/1930,24.991,0.314
2/1/1930,24.754,0.377
3/1/1930,26.077,0.338
4/1/1930,26.904,0.526
5/1/1930,27.303,0.373
6/1/1930,27.209,0.232
7/1/1930,27.028,0.372
8/1/1930,26.939,0.278
9/1/1930,27.154,0.29
10/1/1930,26.964,0.222
11/1/1930,26.245,0.239
12/1/1930,25.56,0.405
1/1/1931,25.42,0.497
2/1/1931,25.578,0.59
3/1/1931,26.519,0.688
4/1/1931,27.572,0.55
5/1/1931,28.118,0.485
6/1/1931,27.677,0.442
7/1/1931,27.066,0.374
8/1/1931,27.094,0.33
9/1/1931,26.834,0.276
10/1/1931,26.282,0.224
11/1/1931,25.847,0.384
12/1/1931,25.342,0.26
1/1/1932,24.455,0.407
2/1/1932,24.696,0.433
3/1/1932,25.583,0.298
4/1/1932,26.906,0.337
5/1/1932,27.563,0.294
6/1/1932,27.143,0.332
7/1/1932,26.647,0.301
8/1/1932,27.096,0.297
9/1/1932,26.732,0.237
10/1/1932,26.501,0.213
11/1/1932,25.871,0.232
12/1/1932,25.284,0.29
1/1/1933,24.926,0.416
2/1/1933,25.386,0.411
3/1/1933,25.967,0.291
4/1/1933,27.234,0.363
5/1/1933,28.037,0.376
6/1/1933,27.19,0.278
7/1/1933,26.825,0.225
8/1/1933,27.048,0.224
9/1/1933,26.784,0.305
10/1/1933,25.91,0.228
11/1/1933,25.791,0.336
12/1/1933,25.245,0.393
1/1/1934,24.77,0.368
2/1/1934,24.477,0.414
3/1/1934,25.548,0.347
4/1/1934,26.548,0.283
5/1/1934,27.043,0.429
6/1/1934,27.145,0.22
7/1/1934,26.775,0.213
8/1/1934,26.773,0.165
9/1/1934,26.4,0.203
10/1/1934,26.254,0.224
11/1/1934,25.97,0.388
12/1/1934,24.83,0.336
1/1/1935,24.512,0.535
2/1/1935,25.406,0.372
3/1/1935,26.242,0.321
4/1/1935,27.075,0.285
5/1/1935,27.322,0.29
6/1/1935,27.256,0.255
7/1/1935,26.798,0.213
8/1/1935,27.164,0.351
9/1/1935,26.588,0.35
10/1/1935,26.517,0.232
11/1/1935,25.852,0.372
12/1/1935,24.935,0.332
1/1/1936,24.815,0.302
2/1/1936,25.391,0.387
3/1/1936,26.051,0.292
4/1/1936,26.905,0.244
5/1/1936,27.759,0.37
6/1/1936,27.277,0.263
7/1/1936,26.754,0.205
8/1/1936,26.44,0.301
9/1/1936,26.799,0.22
10/1/1936,26.187,0.229
11/1/1936,25.9,0.256
12/1/1936,25.961,0.288
1/1/1937,25.487,0.295
2/1/1937,25.584,0.28
3/1/1937,26.233,0.349
4/1/1937,27.221,0.284
5/1/1937,27.47,0.227
6/1/1937,27.663,0.25
7/1/1937,26.919,0.263
8/1/1937,26.952,0.161
9/1/1937,26.813,0.248
10/1/1937,25.934,0.221
11/1/1937,26.066,0.279
12/1/1937,25.79,0.409
1/1/1938,25.177,0.354
2/1/1938,25.401,0.354
3/1/1938,26.351,0.285
4/1/1938,26.7,0.308
5/1/1938,27.224,0.333
6/1/1938,26.762,0.32
7/1/1938,26.75,0.238
8/1/1938,27.39,0.276
9/1/1938,27.009,0.32
10/1/1938,26.021,0.309
11/1/1938,25.616,0.335
12/1/1938,25.233,0.307
1/1/1939,24.691,0.318
2/1/1939,24.874,0.32
3/1/1939,25.901,0.346
4/1/1939,26.902,0.457
5/1/1939,27.118,0.388
6/1/1939,27.363,0.441
7/1/1939,27.428,0.31
8/1/1939,27.502,0.302
9/1/1939,26.971,0.285
10/1/1939,26.599,0.299
11/1/1939,26.338,0.215
12/1/1939,24.767,0.264
1/1/1940,24.719,0.534
2/1/1940,24.853,0.567
3/1/1940,26.163,0.376
4/1/1940,26.99,0.896
5/1/1940,27.859,0.988
6/1/1940,27.491,0.386
7/1/1940,26.931,0.253
8/1/1940,26.664,0.305
9/1/1940,26.864,0.521
10/1/1940,26.586,0.319
11/1/1940,26.305,0.296
12/1/1940,25.608,0.538
1/1/1941,25.701,0.585
2/1/1941,25.818,0.455
3/1/1941,26.266,0.443
4/1/1941,27.202,0.641
5/1/1941,28.076,0.524
6/1/1941,27.575,0.425
7/1/1941,27.347,0.491
8/1/1941,27.4,0.603
9/1/1941,26.963,0.409
10/1/1941,26.801,0.419
11/1/1941,26.54,0.539
12/1/1941,25.762,0.577
1/1/1942,25.037,0.512
2/1/1942,26.004,0.5
3/1/1942,27.449,0.605
4/1/1942,27.476,0.564
5/1/1942,27.897,0.526
6/1/1942,27.73,0.534
7/1/1942,26.444,0.643
8/1/1942,26.827,0.457
9/1/1942,26.396,0.456
10/1/1942,26.583,0.503
11/1/1942,25.868,0.543
12/1/1942,25.443,0.496
1/1/1943,24.8,0.81
2/1/1943,25.286,0.544
3/1/1943,26.511,0.477
4/1/1943,26.737,0.526
5/1/1943,27.628,0.496
6/1/1943,26.722,0.508
7/1/1943,26.958,0.484
8/1/1943,26.344,0.598
9/1/1943,26.892,0.465
10/1/1943,26.075,0.742
11/1/1943,26.155,0.497
12/1/1943,25.127,0.584
1/1/1944,25.72,0.86
2/1/1944,25.413,0.7
3/1/1944,25.288,0.736
4/1/1944,27.05,0.688
5/1/1944,27.95,0.692
6/1/1944,27.291,0.705
7/1/1944,26.508,0.678
8/1/1944,26.651,0.651
9/1/1944,27.097,0.672
10/1/1944,27.058,0.538
11/1/1944,26.497,0.577
12/1/1944,24.584,1.193
1/1/1945,24.621,0.743
2/1/1945,24.978,1.722
3/1/1945,26.024,0.471
4/1/1945,27.453,0.859
5/1/1945,27.425,0.46
6/1/1945,27.116,0.25
7/1/1945,26.852,0.377
8/1/1945,27.004,0.21
9/1/1945,26.597,0.312
10/1/1945,26.408,0.527
11/1/1945,26.073,0.675
12/1/1945,25.425,0.69
1/1/1946,25.884,0.59
2/1/1946,26.344,1.101
3/1/1946,26.859,1.101
4/1/1946,27.789,0.745
5/1/1946,27.529,0.636
6/1/1946,27.154,0.415
7/1/1946,27.094,0.397
8/1/1946,26.884,0.548
9/1/1946,26.695,0.504
10/1/1946,26.254,0.357
11/1/1946,26.644,0.439
12/1/1946,25.938,0.366
1/1/1947,25.932,0.6
2/1/1947,25.764,0.439
3/1/1947,26.908,0.429
4/1/1947,27.734,0.624
5/1/1947,28.024,0.447
6/1/1947,27.571,0.611
7/1/1947,27.461,0.852
8/1/1947,27.248,0.858
9/1/1947,27.376,0.895
10/1/1947,26.825,0.447
11/1/1947,26.026,0.73
12/1/1947,25.784,0.586
1/1/1948,25.013,0.339
2/1/1948,25.894,0.665
3/1/1948,26.48,0.873
4/1/1948,27.766,0.699
5/1/1948,28.002,0.544
6/1/1948,27.535,0.672
7/1/1948,27.175,0.479
8/1/1948,26.951,0.449
9/1/1948,26.647,0.332
10/1/1948,26.436,0.326
11/1/1948,25.6,0.264
12/1/1948,25.77,0.394
1/1/1949,24.888,0.426
2/1/1949,25.71,0.509
3/1/1949,26.353,0.572
4/1/1949,27.196,0.772
5/1/1949,27.965,0.323
6/1/1949,27.484,0.419
7/1/1949,26.985,0.356
8/1/1949,26.973,0.325
9/1/1949,26.906,0.338
10/1/1949,26.422,0.292
11/1/1949,26.179,0.448
12/1/1949,25.577,0.494
1/1/1950,25.504,0.428
2/1/1950,25.692,0.356
3/1/1950,26.524,0.448
4/1/1950,27.448,0.469
5/1/1950,27.822,0.376
6/1/1950,27.227,0.504
7/1/1950,26.925,0.467
8/1/1950,27.034,0.451
9/1/1950,26.892,0.309
10/1/1950,26.355,0.369
11/1/1950,26.065,0.279
12/1/1950,24.898,0.375
1/1/1951,25.392,0.254
2/1/1951,25.75,0.214
3/1/1951,26.514,0.191
4/1/1951,27.621,0.252
5/1/1951,27.585,0.249
6/1/1951,27.25,0.366
7/1/1951,27.078,0.301
8/1/1951,27.077,0.177
9/1/1951,27.006,0.398
10/1/1951,26.912,0.268
11/1/1951,26.769,0.243
12/1/1951,25.89,0.186
1/1/1952,25.672,0.235
2/1/1952,26.129,0.145
3/1/1952,26.763,0.158
4/1/1952,27.672,0.232
5/1/1952,28.105,0.132
6/1/1952,27.411,0.187
7/1/1952,27.207,0.176
8/1/1952,26.677,0.134
9/1/1952,26.737,0.154
10/1/1952,26.621,0.146
11/1/1952,26.497,0.126
12/1/1952,25.753,0.148
1/1/1953,25.312,0.215
2/1/1953,25.84,0.129
3/1/1953,26.916,0.131
4/1/1953,27.714,0.25
5/1/1953,28.072,0.222
6/1/1953,27.373,0.201
7/1/1953,27.115,0.163
8/1/1953,27.183,0.141
9/1/1953,27.021,0.126
10/1/1953,27.001,0.143
11/1/1953,26.784,0.127
12/1/1953,25.858,0.161
1/1/1954,25.967,0.263
2/1/1954,26.308,0.225
3/1/1954,26.845,0.194
4/1/1954,27.851,0.204
5/1/1954,28.159,0.187
6/1/1954,27.557,0.206
7/1/1954,27.119,0.204
8/1/1954,27.071,0.163
9/1/1954,26.823,0.159
10/1/1954,26.479,0.164
11/1/1954,26.058,0.194
12/1/1954,25.362,0.179
1/1/1955,25.084,0.181
2/1/1955,25.65,0.161
3/1/1955,26.543,0.169
4/1/1955,27.443,0.123
5/1/1955,27.971,0.252
6/1/1955,27.196,0.189
7/1/1955,26.955,0.204
8/1/1955,27.023,0.276
9/1/1955,27.119,0.214
10/1/1955,26.611,0.235
11/1/1955,26.231,0.296
12/1/1955,24.908,0.176
1/1/1956,25.069,0.165
2/1/1956,25.848,0.204
3/1/1956,26.703,0.231
4/1/1956,27.154,0.25
5/1/1956,27.419,0.27
6/1/1956,27.399,0.178
7/1/1956,27.048,0.149
8/1/1956,26.773,0.127
9/1/1956,26.693,0.162
10/1/1956,26.532,0.185
11/1/1956,26.365,0.263
12/1/1956,25.445,0.286
1/1/1957,25.455,0.1
2/1/1957,25.542,0.232
3/1/1957,26.832,0.27
4/1/1957,27.386,0.403
5/1/1957,28.211,0.167
6/1/1957,27.756,0.473
7/1/1957,27.143,0.431
8/1/1957,27.201,0.734
9/1/1957,27.132,0.453
10/1/1957,26.765,0.372
11/1/1957,26.389,0.228
12/1/1957,26.316,0.323
1/1/1958,25.82,0.31
2/1/1958,25.881,0.303
3/1/1958,26.812,0.18
4/1/1958,27.587,0.159
5/1/1958,28.38,0.348
6/1/1958,27.939,0.438
7/1/1958,27.396,0.399
8/1/1958,27.21,0.346
9/1/1958,27.287,0.205
10/1/1958,26.812,0.205
11/1/1958,26.262,0.199
12/1/1958,25.586,0.201
1/1/1959,25.148,0.348
2/1/1959,26.151,0.18
3/1/1959,26.733,0.366
4/1/1959,27.493,0.327
5/1/1959,27.969,0.262
6/1/1959,28.121,0.113
7/1/1959,27.177,0.263
8/1/1959,26.863,0.145
9/1/1959,27.089,0.285
10/1/1959,26.677,0.181
11/1/1959,26.526,0.198
12/1/1959,25.99,0.157
1/1/1960,25.725,0.227
2/1/1960,25.915,0.279
3/1/1960,26.884,0.269
4/1/1960,27.579,0.403
5/1/1960,28.081,0.365
6/1/1960,27.482,0.308
7/1/1960,27.509,0.267
8/1/1960,27.414,0.32
9/1/1960,26.939,0.154
10/1/1960,26.572,0.178
11/1/1960,26.554,0.179
12/1/1960,25.48,0.116
1/1/1961,24.534,0.28
2/1/1961,25.904,0.273
3/1/1961,26.938,0.16
4/1/1961,27.747,0.275
5/1/1961,28.024,0.243
6/1/1961,27.416,0.309
7/1/1961,26.892,0.21
8/1/1961,26.999,0.118
9/1/1961,26.993,0.095
10/1/1961,26.421,0.302
11/1/1961,26.498,0.147
12/1/1961,25.98,0.164
1/1/1962,24.955,0.266
2/1/1962,24.992,0.209
3/1/1962,26.604,0.23
4/1/1962,27.443,0.272
5/1/1962,28.085,0.252
6/1/1962,27.658,0.516
7/1/1962,27.069,0.29
8/1/1962,27.006,0.298
9/1/1962,26.755,0.257
10/1/1962,27.043,0.337
11/1/1962,26.394,0.135
12/1/1962,25.51,0.263
1/1/1963,24.15,0.16
2/1/1963,24.519,0.155
3/1/1963,25.814,0.185
4/1/1963,26.87,0.232
5/1/1963,28.206,0.321
6/1/1963,27.456,0.263
7/1/1963,27.228,0.267
8/1/1963,27.026,0.161
9/1/1963,27.217,0.23
10/1/1963,26.627,0.182
11/1/1963,26.796,0.265
12/1/1963,25.915,0.13
1/1/1964,25.955,0.321
2/1/1964,25.65,0.186
3/1/1964,26.577,0.17
4/1/1964,27.565,0.226
5/1/1964,28.027,0.263
6/1/1964,27.442,0.305
7/1/1964,27.138,0.288
8/1/1964,27.195,0.313
9/1/1964,27.01,0.119
10/1/1964,26.669,0.291
11/1/1964,26.058,0.248
12/1/1964,25.343,0.164
1/1/1965,24.631,0.212
2/1/1965,25.509,0.133
3/1/1965,26.236,0.301
4/1/1965,27.261,0.19
5/1/1965,27.671,0.305
6/1/1965,27.233,0.464
7/1/1965,26.676,0.301
8/1/1965,27.059,0.154
9/1/1965,26.999,0.287
10/1/1965,26.765,0.36
11/1/1965,26.757,0.304
12/1/1965,25.931,0.255
1/1/1966,25.539,0.306
2/1/1966,26.106,0.25
3/1/1966,27.045,0.229
4/1/1966,28.023,0.151
5/1/1966,27.592,0.302
6/1/1966,27.676,0.212
7/1/1966,27.149,0.266
8/1/1966,27.493,0.229
9/1/1966,27.244,0.354
10/1/1966,26.803,0.23
11/1/1966,26.726,0.122
12/1/1966,26.167,0.119
1/1/1967,25.096,0.217
2/1/1967,25.355,0.259
3/1/1967,26.138,0.285
4/1/1967,27.257,0.191
5/1/1967,28.237,0.337
6/1/1967,27.65,0.22
7/1/1967,27.319,0.404
8/1/1967,27.049,0.368
9/1/1967,27.082,0.239
10/1/1967,26.441,0.134
11/1/1967,26.131,0.116
12/1/1967,25.13,0.14
1/1/1968,24.945,0.226
2/1/1968,24.981,0.226
3/1/1968,26.642,0.243
4/1/1968,27.385,0.237
5/1/1968,28.257,0.069
6/1/1968,28.042,0.326
7/1/1968,27.73,0.297
8/1/1968,27.335,0.202
9/1/1968,27.321,0.208
10/1/1968,26.593,0.226
11/1/1968,25.882,0.191
12/1/1968,25.452,0.241
1/1/1969,25.449,0.194
2/1/1969,25.653,0.277
3/1/1969,26.945,0.132
4/1/1969,27.939,0.268
5/1/1969,28.895,0.126
6/1/1969,28.147,0.266
7/1/1969,27.271,0.22
8/1/1969,27.33,0.376
9/1/1969,27.266,0.183
10/1/1969,26.895,0.198
11/1/1969,26.448,0.16
12/1/1969,25.979,0.202
1/1/1970,25.715,0.201
2/1/1970,25.869,0.112
3/1/1970,27.071,0.237
4/1/1970,27.911,0.126
5/1/1970,28.569,0.249
6/1/1970,27.732,0.214
7/1/1970,27.3,0.235
8/1/1970,27.16,0.235
9/1/1970,27.11,0.128
10/1/1970,26.752,0.227
11/1/1970,26.654,0.17
12/1/1970,26.173,0.276
1/1/1971,24.72,0.186
2/1/1971,25.499,0.202
3/1/1971,25.909,0.323
4/1/1971,26.988,0.425
5/1/1971,27.592,0.277
6/1/1971,26.999,0.224
7/1/1971,26.865,0.242
8/1/1971,26.991,0.206
9/1/1971,27.16,0.217
10/1/1971,26.312,0.238
11/1/1971,26.067,0.2
12/1/1971,25.695,0.187
1/1/1972,25.046,0.223
2/1/1972,25.905,0.286
3/1/1972,25.83,0.237
4/1/1972,27.152,0.296
5/1/1972,27.921,0.127
6/1/1972,27.668,0.344
7/1/1972,27.388,0.41
8/1/1972,27.028,0.333
9/1/1972,27.175,0.292
10/1/1972,27.188,0.342
11/1/1972,26.906,0.24
12/1/1972,26.058,0.245
1/1/1973,25.588,0.303
2/1/1973,26.037,0.287
3/1/1973,26.8,0.323
4/1/1973,27.868,0.146
5/1/1973,28.569,0.243
6/1/1973,28.22,0.162
7/1/1973,27.572,0.353
8/1/1973,27.234,0.345
9/1/1973,27.066,0.222
10/1/1973,26.847,0.236
11/1/1973,26.537,0.158
12/1/1973,25.525,0.194
1/1/1974,24.779,0.263
2/1/1974,25.484,0.388
3/1/1974,26.079,0.292
4/1/1974,27.381,0.196
5/1/1974,27.832,0.276
6/1/1974,27.444,0.235
7/1/1974,27.258,0.233
8/1/1974,27.337,0.248
9/1/1974,27.427,0.206
10/1/1974,26.566,0.15
11/1/1974,26.282,0.357
12/1/1974,25.713,0.26
1/1/1975,25.272,0.255
2/1/1975,25.601,0.201
3/1/1975,26.725,0.227
4/1/1975,27.508,0.222
5/1/1975,28.048,0.165
6/1/1975,27.464,0.257
7/1/1975,27.215,0.448
8/1/1975,27.23,0.425
9/1/1975,26.984,0.307
10/1/1975,26.859,0.319
11/1/1975,26.445,0.227
12/1/1975,25.361,0.248
1/1/1976,24.832,0.177
2/1/1976,25.218,0.211
3/1/1976,26.424,0.191
4/1/1976,27.375,0.321
5/1/1976,27.501,0.44
6/1/1976,27.131,0.318
7/1/1976,27.322,0.263
8/1/1976,26.905,0.114
9/1/1976,26.882,0.391
10/1/1976,27.001,0.261
11/1/1976,26.49,0.193
12/1/1976,25.771,0.15
1/1/1977,25.822,0.198
2/1/1977,25.265,0.243
3/1/1977,26.225,0.214
4/1/1977,27.765,0.17
5/1/1977,28.355,0.251
6/1/1977,27.832,0.3
7/1/1977,27.211,0.312
8/1/1977,27.314,0.372
9/1/1977,26.948,0.359
10/1/1977,26.897,0.203
11/1/1977,26.454,0.113
12/1/1977,25.806,0.24
1/1/1978,25.269,0.228
2/1/1978,25.385,0.209
3/1/1978,27.061,0.154
4/1/1978,27.613,0.307
5/1/1978,28.12,0.234
6/1/1978,27.509,0.24
7/1/1978,27.4,0.226
8/1/1978,26.883,0.22
9/1/1978,26.552,0.131
10/1/1978,26.271,0.225
11/1/1978,26.066,0.268
12/1/1978,25.843,0.333
1/1/1979,25.449,0.247
2/1/1979,26.32,0.146
3/1/1979,26.919,0.207
4/1/1979,27.915,0.205
5/1/1979,27.905,0.401
6/1/1979,27.405,0.24
7/1/1979,27.292,0.192
8/1/1979,27.361,0.284
9/1/1979,27.203,0.236
10/1/1979,26.365,0.22
11/1/1979,26.539,0.193
12/1/1979,25.314,0.215
1/1/1980,25.412,0.154
2/1/1980,25.531,0.15
3/1/1980,26.773,0.138
4/1/1980,27.433,0.214
5/1/1980,28.14,0.179
6/1/1980,27.491,0.394
7/1/1980,27.254,0.219
8/1/1980,27.172,0.295
9/1/1980,26.961,0.198
10/1/1980,26.703,0.144
11/1/1980,26.636,0.123
12/1/1980,25.746,0.135
1/1/1981,24.511,0.261
2/1/1981,25.717,0.287
3/1/1981,26.924,0.249
4/1/1981,28.013,0.175
5/1/1981,28.402,0.17
6/1/1981,27.604,0.182
7/1/1981,27.179,0.372
8/1/1981,27.626,0.215
9/1/1981,27.384,0.239
10/1/1981,26.696,0.287
11/1/1981,26.566,0.212
12/1/1981,25.339,0.191
1/1/1982,24.875,0.19
2/1/1982,25.431,0.199
3/1/1982,26.656,0.357
4/1/1982,27.427,0.256
5/1/1982,28.048,0.179
6/1/1982,27.751,0.321
7/1/1982,27.12,0.215
8/1/1982,26.993,0.203
9/1/1982,26.983,0.18
10/1/1982,26.659,0.168
11/1/1982,26.834,0.333
12/1/1982,26.242,0.221
1/1/1983,25.955,0.228
2/1/1983,26.144,0.188
3/1/1983,27.234,0.19
4/1/1983,28.03,0.204
5/1/1983,28.852,0.113
6/1/1983,28.475,0.247
7/1/1983,27.553,0.146
8/1/1983,27.394,0.219
9/1/1983,27.3,0.133
10/1/1983,26.793,0.256
11/1/1983,26.315,0.245
12/1/1983,25.196,0.369
1/1/1984,25.246,0.236
2/1/1984,25.52,0.339
3/1/1984,26.869,0.201
4/1/1984,27.54,0.127
5/1/1984,27.579,0.192
6/1/1984,27.253,0.31
7/1/1984,27.363,0.299
8/1/1984,27.075,0.253
9/1/1984,26.845,0.288
10/1/1984,26.438,0.225
11/1/1984,26.617,0.183
12/1/1984,25.684,0.218
1/1/1985,25.104,0.188
2/1/1985,26.773,0.104
3/1/1985,27.297,0.162
4/1/1985,27.611,0.293
5/1/1985,28.118,0.179
6/1/1985,27.682,0.529
7/1/1985,27.08,0.219
8/1/1985,27.398,0.333
9/1/1985,26.817,0.332
10/1/1985,26.508,0.108
11/1/1985,26.692,0.122
12/1/1985,25.754,0.36
1/1/1986,25.052,0.328
2/1/1986,25.491,0.247
3/1/1986,26.582,0.272
4/1/1986,27.731,0.205
5/1/1986,28.275,0.215
6/1/1986,27.787,0.228
7/1/1986,27.243,0.144
8/1/1986,27.273,0.258
9/1/1986,27.04,0.233
10/1/1986,26.675,0.203
11/1/1986,26.715,0.19
12/1/1986,25.631,0.152
1/1/1987,25.312,0.247
2/1/1987,25.373,0.245
3/1/1987,27.239,0.184
4/1/1987,28.306,0.206
5/1/1987,28.988,0.159
6/1/1987,28.413,0.133
7/1/1987,27.553,0.195
8/1/1987,27.741,0.119
9/1/1987,27.605,0.365
10/1/1987,27.425,0.314
11/1/1987,27.223,0.149
12/1/1987,26.445,0.132
1/1/1988,26.759,0.156
2/1/1988,26.746,0.265
3/1/1988,27.663,0.253
4/1/1988,28.148,0.147
5/1/1988,28.797,0.258
6/1/1988,27.601,0.248
7/1/1988,27.614,0.193
8/1/1988,27.66,0.227
9/1/1988,27.423,0.235
10/1/1988,26.619,0.187
11/1/1988,26.257,0.103
12/1/1988,24.994,0.183
1/1/1989,25.854,0.258
2/1/1989,25.695,0.224
3/1/1989,26.301,0.347
4/1/1989,27.543,0.216
5/1/1989,27.825,0.176
6/1/1989,27.434,0.283
7/1/1989,27.345,0.235
8/1/1989,27.148,0.347
9/1/1989,27.205,0.176
10/1/1989,26.849,0.213
11/1/1989,26.331,0.168
12/1/1989,25.256,0.141
1/1/1990,25.573,0.199
2/1/1990,26.404,0.124
3/1/1990,26.826,0.309
4/1/1990,28.105,0.15
5/1/1990,28.187,0.188
6/1/1990,27.421,0.21
7/1/1990,27.283,0.246
8/1/1990,27.473,0.296
9/1/1990,27.031,0.25
10/1/1990,26.662,0.172
11/1/1990,26.414,0.319
12/1/1990,25.809,0.294
1/1/1991,25.506,0.161
2/1/1991,25.842,0.353
3/1/1991,26.587,0.319
4/1/1991,27.534,0.214
5/1/1991,28.218,0.167
6/1/1991,27.899,0.113
7/1/1991,27.245,0.237
8/1/1991,27.269,0.238
9/1/1991,27.298,0.248
10/1/1991,26.538,0.132
11/1/1991,26.081,0.111
12/1/1991,25.504,0.165
1/1/1992,25.227,0.278
2/1/1992,25.879,0.152
3/1/1992,27.01,0.27
4/1/1992,27.989,0.255
5/1/1992,28.531,0.127
6/1/1992,28.007,0.237
7/1/1992,27.115,0.216
8/1/1992,27.377,0.253
9/1/1992,27.368,0.258
10/1/1992,26.659,0.157
11/1/1992,26.019,0.196
12/1/1992,25.637,0.389
1/1/1993,25.253,0.173
2/1/1993,25.53,0.189
3/1/1993,26.279,0.207
4/1/1993,27.426,0.164
5/1/1993,28.465,0.336
6/1/1993,28.121,0.087
7/1/1993,27.548,0.256
8/1/1993,27.122,0.217
9/1/1993,26.983,0.156
10/1/1993,26.591,0.175
11/1/1993,26.848,0.232
12/1/1993,25.99,0.244
1/1/1994,25.661,0.211
2/1/1994,26.048,0.196
3/1/1994,26.925,0.213
4/1/1994,27.619,0.377
5/1/1994,28.208,0.165
6/1/1994,27.345,0.13
7/1/1994,27.068,0.174
8/1/1994,27.236,0.132
9/1/1994,26.876,0.188
10/1/1994,26.702,0.12
11/1/1994,26.491,0.151
12/1/1994,25.797,0.167
1/1/1995,25.362,0.193
2/1/1995,25.698,0.179
3/1/1995,26.559,0.286
4/1/1995,27.649,0.247
5/1/1995,28.15,0.204
6/1/1995,28.054,0.15
7/1/1995,27.061,0.319
8/1/1995,27.218,0.21
9/1/1995,26.967,0.211
10/1/1995,26.94,0.118
11/1/1995,26.754,0.151
12/1/1995,25.505,0.089
1/1/1996,25.127,0.121
2/1/1996,25.314,0.091
3/1/1996,27.264,0.239
4/1/1996,27.301,0.141
5/1/1996,27.958,0.176
6/1/1996,27.685,0.259
7/1/1996,27.647,0.231
8/1/1996,27.545,0.23
9/1/1996,27.463,0.153
10/1/1996,27.224,0.255
11/1/1996,26.492,0.211
12/1/1996,25.635,0.194
1/1/1997,24.987,0.154
2/1/1997,25.746,0.191
3/1/1997,26.249,0.202
4/1/1997,27.71,0.146
5/1/1997,28.286,0.179
6/1/1997,27.846,0.143
7/1/1997,27.312,0.25
8/1/1997,27.704,0.182
9/1/1997,27.227,0.194
10/1/1997,27.212,0.203
11/1/1997,27.141,0.215
12/1/1997,26.296,0.102
1/1/1998,26.341,0.13
2/1/1998,27.032,0.243
3/1/1998,27.735,0.201
4/1/1998,28.734,0.301
5/1/1998,29.158,0.211
6/1/1998,28.681,0.274
7/1/1998,28.422,0.192
8/1/1998,28.287,0.229
9/1/1998,27.843,0.259
10/1/1998,27.312,0.128
11/1/1998,27.198,0.098
12/1/1998,26.61,0.161
1/1/1999,26.126,0.145
2/1/1999,26.133,0.262
3/1/1999,27.149,0.138
4/1/1999,27.498,0.234
5/1/1999,27.918,0.182
6/1/1999,27.303,0.149
7/1/1999,27.26,0.287
8/1/1999,26.972,0.237
9/1/1999,27.126,0.159
10/1/1999,27.006,0.182
11/1/1999,26.553,0.158
12/1/1999,26.065,0.227
1/1/2000,25.908,0.186
2/1/2000,26.082,0.189
3/1/2000,26.885,0.237
4/1/2000,27.791,0.143
5/1/2000,28.019,0.161
6/1/2000,27.559,0.254
7/1/2000,27.06,0.184
8/1/2000,27.367,0.237
9/1/2000,27.347,0.212
10/1/2000,26.935,0.193
11/1/2000,26.949,0.253
12/1/2000,26.215,0.228
1/1/2001,25.976,0.141
2/1/2001,26.501,0.119
3/1/2001,27.021,0.167
4/1/2001,28.107,0.168
5/1/2001,28.17,0.201
6/1/2001,27.589,0.198
7/1/2001,27.358,0.145
8/1/2001,27.527,0.255
9/1/2001,27.558,0.315
10/1/2001,27.228,0.114
11/1/2001,26.516,0.197
12/1/2001,25.7,0.193
1/1/2002,25.579,0.286
2/1/2002,25.705,0.193
3/1/2002,26.789,0.241
4/1/2002,27.747,0.254
5/1/2002,28.317,0.212
6/1/2002,28.009,0.189
7/1/2002,27.628,0.144
8/1/2002,27.348,0.117
9/1/2002,27.119,0.167
10/1/2002,27.165,0.187
11/1/2002,27.032,0.134
12/1/2002,26.56,0.263
1/1/2003,25.546,0.236
2/1/2003,25.961,0.283
3/1/2003,26.934,0.105
4/1/2003,28.433,0.223
5/1/2003,28.272,0.368
6/1/2003,27.506,0.35
7/1/2003,27.483,0.288
8/1/2003,27.459,0.245
9/1/2003,27.126,0.276
10/1/2003,26.883,0.35
11/1/2003,27.099,0.179
12/1/2003,25.476,0.133
1/1/2004,25.88,0.21
2/1/2004,26.106,0.198
3/1/2004,27.134,0.312
4/1/2004,28.215,0.166
5/1/2004,28.164,0.15
6/1/2004,27.474,0.279
7/1/2004,27.38,0.22
8/1/2004,27.511,0.201
9/1/2004,27.473,0.159
10/1/2004,26.624,0.322
11/1/2004,27.013,0.17
12/1/2004,26.104,0.17
1/1/2005,25.531,0.326
2/1/2005,26.379,0.252
3/1/2005,27.029,0.238
4/1/2005,27.799,0.152
5/1/2005,28.614,0.189
6/1/2005,28.077,0.258
7/1/2005,27.668,0.178
8/1/2005,27.42,0.197
9/1/2005,27.214,0.107
10/1/2005,27.158,0.257
11/1/2005,27.015,0.238
12/1/2005,25.828,0.263
1/1/2006,25.958,0.262
2/1/2006,26.284,0.234
3/1/2006,27.064,0.249
4/1/2006,28.079,0.273
5/1/2006,28.215,0.246
6/1/2006,27.941,0.302
7/1/2006,27.479,0.193
8/1/2006,27.244,0.22
9/1/2006,27.248,0.163
10/1/2006,26.815,0.142
11/1/2006,27.228,0.16
12/1/2006,26.582,0.234
1/1/2007,25.788,0.212
2/1/2007,26.276,0.255
3/1/2007,27.194,0.188
4/1/2007,28.186,0.16
5/1/2007,28.3,0.183
6/1/2007,28.277,0.231
7/1/2007,27.845,0.146
8/1/2007,27.375,0.156
9/1/2007,27.362,0.18
10/1/2007,26.918,0.153
11/1/2007,26.306,0.173
12/1/2007,26.117,0.261
1/1/2008,25.822,0.268
2/1/2008,25.663,0.33
3/1/2008,26.702,0.299
4/1/2008,27.647,0.129
5/1/2008,27.368,0.13
6/1/2008,27.659,0.182
7/1/2008,27.355,0.11
8/1/2008,27.178,0.248
9/1/2008,27.229,0.151
10/1/2008,27.183,0.136
11/1/2008,26.797,0.186
12/1/2008,25.906,0.175
1/1/2009,25.374,0.281
2/1/2009,26.358,0.273
3/1/2009,27.449,0.19
4/1/2009,27.598,0.185
5/1/2009,27.612,0.215
6/1/2009,27.515,0.181
7/1/2009,27.296,0.281
8/1/2009,27.902,0.24
9/1/2009,27.415,0.199
10/1/2009,26.968,0.115
11/1/2009,26.829,0.278
12/1/2009,25.789,0.121
1/1/2010,25.588,0.2
2/1/2010,26.578,0.25
3/1/2010,27.515,0.297
4/1/2010,28.155,0.115
5/1/2010,29.03,0.098
6/1/2010,28.468,0.157
7/1/2010,27.658,0.193
8/1/2010,27.489,0.19
9/1/2010,27.603,0.146
10/1/2010,27.124,0.116
11/1/2010,26.84,0.169
12/1/2010,26.23,0.205
1/1/2011,25.303,0.249
2/1/2011,25.77,0.271
3/1/2011,26.367,0.159
4/1/2011,26.988,0.18
5/1/2011,27.839,0.168
6/1/2011,27.492,0.23
7/1/2011,27.225,0.228
8/1/2011,27.276,0.177
9/1/2011,27.226,0.163
10/1/2011,26.975,0.158
11/1/2011,26.922,0.228
12/1/2011,26.048,0.236
1/1/2012,25.954,0.304
2/1/2012,26.237,0.245
3/1/2012,27.015,0.157
4/1/2012,27.819,0.231
5/1/2012,28.156,0.276
6/1/2012,27.831,0.173
7/1/2012,27.231,0.304
8/1/2012,27.586,0.382
9/1/2012,27.328,0.265
10/1/2012,26.862,0.298
11/1/2012,27.144,0.295
12/1/2012,26.624,0.487
1/1/2013,25.58,0.284
2/1/2013,26.481,0.166
3/1/2013,27.502,0.415
4/1/2013,28.489,0.391
5/1/2013,28.673,0.313
6/1/2013,28.169,0.466
7/1/2013,27.372,0.441
8/1/2013,27.068,0.41
