date,AverageLandTemp,AveragelandTempUncertainty
1/1/1820,-6.929,3.931
2/1/1820,-2.158,3.033
3/1/1820,1.227,2.281
4/1/1820,8.978,2.031
5/1/1820,13.647,2.063
6/1/1820,18.656,1.683
7/1/1820,20.031,1.739
8/1/1820,18.438,1.763
9/1/1820,15.276,2.068
10/1/1820,7.785,2.178
11/1/1820,0.845,2.109
12/1/1820,-5.03,2.614
1/1/1821,-4.464,3.658
2/1/1821,-1.684,3.891
3/1/1821,1.953,2.7
4/1/1821,6.281,1.991
5/1/1821,13.429,2.212
6/1/1821,18.779,2.524
7/1/1821,19.775,2.257
8/1/1821,20.527,2.149
9/1/1821,14.48,1.597
10/1/1821,8.803,1.919
11/1/1821,2.184,2.836
12/1/1821,-4.014,2.659
1/1/1822,-3.755,3.49
2/1/1822,-0.841,2.861
3/1/1822,5.106,2.387
4/1/1822,7.528,1.926
5/1/1822,13.527,2.014
6/1/1822,18.64,1.71
7/1/1822,21.539,1.577
8/1/1822,20.211,2.069
9/1/1822,15.117,1.954
10/1/1822,7.702,1.963
11/1/1822,1.512,2.223
12/1/1822,-5.644,2.705
1/1/1823,-3.994,2.937
2/1/1823,-4.542,3.052
3/1/1823,2.172,2.36
4/1/1823,7.855,2.603
5/1/1823,13.135,2.04
6/1/1823,19.397,1.902
7/1/1823,21.453,1.583
8/1/1823,20.076,1.686
9/1/1823,14.138,1.922
10/1/1823,7.79,1.899
11/1/1823,1.158,3.428
12/1/1823,-3.706,2.518
1/1/1824,-2.778,2.815
2/1/1824,-2.892,3.08
3/1/1824,1.779,2.493
4/1/1824,7.206,2.124
5/1/1824,13.308,2.029
6/1/1824,18.61,2.314
7/1/1824,21.696,2.985
8/1/1824,20.063,2.062
9/1/1824,15.616,2.106
10/1/1824,7.966,2.043
11/1/1824,2.241,2.543
12/1/1824,-0.788,3.508
1/1/1825,-2.982,3.357
2/1/1825,-0.814,2.529
3/1/1825,3.479,2.795
4/1/1825,9.148,2.542
5/1/1825,13.561,1.815
6/1/1825,19.291,1.478
7/1/1825,21.659,2.335
8/1/1825,20.304,2.273
9/1/1825,15.717,1.756
10/1/1825,8.367,2.282
11/1/1825,2.843,2.368
12/1/1825,-2.975,2.537
1/1/1826,-4.033,2.737
2/1/1826,-2.896,2.713
3/1/1826,2.506,2.419
4/1/1826,7.631,2.405
5/1/1826,15.149,2.024
6/1/1826,18.736,2.415
7/1/1826,21.247,1.68
8/1/1826,19.518,1.837
9/1/1826,14.648,2.115
10/1/1826,8.75,2.516
11/1/1826,3.073,2.017
12/1/1826,-1.381,3.021
1/1/1827,-2.641,3.232
2/1/1827,0.198,2.577
3/1/1827,3.415,2.679
4/1/1827,8.883,2.909
5/1/1827,14.424,2.562
6/1/1827,18.98,2.205
7/1/1827,21.709,1.739
8/1/1827,20.468,1.725
9/1/1827,15.256,1.604
10/1/1827,8.908,1.926
11/1/1827,2.777,2.205
12/1/1827,-3.153,3.472
1/1/1828,-4.382,2.567
2/1/1828,-1.644,2.255
3/1/1828,3.02,2.271
4/1/1828,7.51,2.399
5/1/1828,14.023,2.594
6/1/1828,20.228,2.03
7/1/1828,21.908,1.38
8/1/1828,20.612,1.66
9/1/1828,14.216,1.333
10/1/1828,8.968,1.565
11/1/1828,3.07,1.769
12/1/1828,-1.347,2.84
1/1/1829,-3.462,2.043
2/1/1829,-4.281,1.967
3/1/1829,1.813,1.621
4/1/1829,7.411,1.658
5/1/1829,14.96,2.877
6/1/1829,19.282,1.774
7/1/1829,21.577,1.514
8/1/1829,20.675,1.545
9/1/1829,14.646,1.952
10/1/1829,9.41,1.667
11/1/1829,0.85,2.824
12/1/1829,-2.21,3.667
1/1/1830,-3.184,3.48
2/1/1830,-0.396,2.47
3/1/1830,2.605,2.231
4/1/1830,8.823,1.941
5/1/1830,12.994,1.868
6/1/1830,18.292,2.463
7/1/1830,22.816,1.658
8/1/1830,20.417,2.014
9/1/1830,14.802,2.378
10/1/1830,9.557,2.743
11/1/1830,5.51,2.486
12/1/1830,-1.655,3.123
1/1/1831,-4.921,3.076
2/1/1831,-3.167,4.591
3/1/1831,2.504,3.563
4/1/1831,7.259,1.933
5/1/1831,13.387,2.842
6/1/1831,18.701,2.126
7/1/1831,20.806,1.654
8/1/1831,19.725,1.822
9/1/1831,14.002,1.884
10/1/1831,8.537,2.128
11/1/1831,1.45,4.418
12/1/1831,-5.634,3.71
1/1/1832,-3.492,2.084
2/1/1832,-3.378,2.578
3/1/1832,3.056,1.733
4/1/1832,8.014,2.771
5/1/1832,12.851,1.96
6/1/1832,18.596,1.896
7/1/1832,21.043,2.375
8/1/1832,18.667,2.058
9/1/1832,14.722,2.339
10/1/1832,9.104,1.92
11/1/1832,2.089,1.503
12/1/1832,-2.303,3.183
1/1/1833,-2.264,2.533
2/1/1833,-1.473,1.843
3/1/1833,2.461,2.24
4/1/1833,8.215,1.664
5/1/1833,13.602,1.876
6/1/1833,18.105,1.728
7/1/1833,21.092,1.322
8/1/1833,20.136,1.431
9/1/1833,15.81,1.412
10/1/1833,7.861,1.614
11/1/1833,3.764,1.468
12/1/1833,-1.566,1.976
1/1/1834,-5.445,2.19
2/1/1834,-0.14,1.858
3/1/1834,3.033,2.251
4/1/1834,8.405,2.104
5/1/1834,13.831,1.701
6/1/1834,18.164,2.448
7/1/1834,21.747,1.551
8/1/1834,20.436,1.394
9/1/1834,15.213,2.523
10/1/1834,8.843,1.705
11/1/1834,3.726,1.821
12/1/1834,-1.858,1.927
1/1/1835,-2.302,1.851
2/1/1835,-4.543,2.182
3/1/1835,1.642,1.931
4/1/1835,7.097,2.209
5/1/1835,13.485,1.611
6/1/1835,18.038,1.982
7/1/1835,20.119,1.867
8/1/1835,18.959,1.436
9/1/1835,13.626,1.716
10/1/1835,7.752,1.424
11/1/1835,0.502,1.91
12/1/1835,-3.904,1.938
1/1/1836,-4.311,1.608
2/1/1836,-2.73,1.814
3/1/1836,0.499,1.661
4/1/1836,7.309,1.324
5/1/1836,13.747,1.401
6/1/1836,17.762,1.265
7/1/1836,20.591,1.791
8/1/1836,18.956,1.604
9/1/1836,14.76,2.157
10/1/1836,7.031,4.377
11/1/1836,0.977,1.755
12/1/1836,-3.824,2.282
1/1/1837,-3.744,2.034
2/1/1837,-1.073,1.607
3/1/1837,0.696,1.866
4/1/1837,5.57,1.576
5/1/1837,12.293,1.597
6/1/1837,17.685,1.675
7/1/1837,21.028,1.608
8/1/1837,19.874,1.534
9/1/1837,14.744,1.42
10/1/1837,8.236,2.464
11/1/1837,3.022,2.024
12/1/1837,-2.518,3.617
1/1/1838,-4.79,2.454
2/1/1838,-5.803,2.063
3/1/1838,2.609,1.786
4/1/1838,7.003,1.651
5/1/1838,11.79,1.481
6/1/1838,18.865,1.621
7/1/1838,21.958,3.126
8/1/1838,20.545,2.86
9/1/1838,15.266,1.669
10/1/1838,7.551,3.467
11/1/1838,-0.139,2.702
12/1/1838,-4.271,2.417
1/1/1839,-2.849,2.042
2/1/1839,-0.567,1.882
3/1/1839,1.227,1.443
4/1/1839,9.892,1.846
5/1/1839,13.35,1.313
6/1/1839,18.043,1.377
7/1/1839,21.384,2.952
8/1/1839,20.415,2.058
9/1/1839,14.565,1.667
10/1/1839,9.663,1.553
11/1/1839,0.81,1.691
12/1/1839,-3.667,1.384
1/1/1840,-3.875,1.488
2/1/1840,-1.15,1.654
3/1/1840,2.872,1.276
4/1/1840,8.145,2.148
5/1/1840,13.81,1.628
6/1/1840,18.805,1.331
7/1/1840,21.067,1.359
8/1/1840,19.613,1.227
9/1/1840,14.583,1.372
10/1/1840,7.772,1.815
11/1/1840,0.799,2.842
12/1/1840,-3.423,1.716
1/1/1841,-4.347,1.87
2/1/1841,-2.389,1.322
3/1/1841,1.843,2.95
4/1/1841,6.896,1.573
5/1/1841,13.302,1.174
6/1/1841,18.867,1.114
7/1/1841,21.652,1.446
8/1/1841,19.897,1.281
9/1/1841,14.695,1.234
10/1/1841,7.849,1.428
11/1/1841,1.976,1.246
12/1/1841,-2.45,2.01
1/1/1842,-2.712,1.783
2/1/1842,-1.688,1.721
3/1/1842,4.896,2.133
4/1/1842,8.972,1.786
5/1/1842,12.761,1.356
6/1/1842,17.535,1.216
7/1/1842,20.01,1.465
8/1/1842,19.157,1.359
9/1/1842,15.074,1.302
10/1/1842,8.606,1.457
11/1/1842,0.231,1.895
12/1/1842,-2.542,1.62
1/1/1843,-2.59,1.79
2/1/1843,-4.293,1.53
3/1/1843,0.079,1.395
4/1/1843,7.119,1.531
5/1/1843,12.404,1.34
6/1/1843,17.669,1.449
7/1/1843,20.568,1.173
8/1/1843,19.48,1.679
9/1/1843,15.611,1.11
10/1/1843,7.056,1.713
11/1/1843,1.628,1.309
12/1/1843,-1.327,2.467
1/1/1844,-4.257,1.274
2/1/1844,-1.309,1.415
3/1/1844,1.879,2.086
4/1/1844,9.174,1.197
5/1/1844,13.044,1.218
6/1/1844,17.817,1.201
7/1/1844,21.08,1.174
8/1/1844,19.314,2.402
9/1/1844,14.376,1.338
10/1/1844,7.838,1.415
11/1/1844,1.202,1.362
12/1/1844,-3.164,1.712
1/1/1845,-1.887,1.974
2/1/1845,-1.259,2.793
3/1/1845,2.653,1.46
4/1/1845,8.731,1.456
5/1/1845,13.1,1.728
6/1/1845,18.06,1.509
7/1/1845,21.317,1.306
8/1/1845,20.241,1.302
9/1/1845,15.442,1.305
10/1/1845,7.685,1.346
11/1/1845,1.414,1.679
12/1/1845,-4.59,2.115
1/1/1846,-1.194,2.604
2/1/1846,-2.186,2.342
3/1/1846,4.004,2.239
4/1/1846,7.489,1.767
5/1/1846,14.364,1.912
6/1/1846,18.358,1.878
7/1/1846,21.826,2.026
8/1/1846,20.785,1.6
9/1/1846,16.308,1.804
10/1/1846,8.224,1.744
11/1/1846,2.983,2.187
12/1/1846,-1.325,2.267
1/1/1847,-5.014,5.071
2/1/1847,-1.49,2.279
3/1/1847,0.214,2.729
4/1/1847,8.002,1.761
5/1/1847,12.332,1.609
6/1/1847,17.856,1.709
7/1/1847,20.932,1.549
8/1/1847,19.422,1.431
9/1/1847,15.096,1.271
10/1/1847,8.555,1.312
11/1/1847,2.195,1.521
12/1/1847,-3.215,2.108
1/1/1848,-3.491,1.955
2/1/1848,-0.89,1.685
3/1/1848,1.793,1.409
4/1/1848,7.301,1.433
5/1/1848,13.754,1.629
6/1/1848,18.118,1.598
7/1/1848,20.497,2.093
8/1/1848,19.463,1.453
9/1/1848,14.119,1.653
10/1/1848,8.721,1.425
11/1/1848,0.531,1.96
12/1/1848,-3.714,2.833
1/1/1849,-4.805,2.065
2/1/1849,-3.42,1.465
3/1/1849,2.811,1.829
4/1/1849,7.061,1.634
5/1/1849,12.376,1.351
6/1/1849,18.877,1.454
7/1/1849,21.099,1.01
8/1/1849,20.072,1.156
9/1/1849,15.59,0.945
10/1/1849,8.195,1.41
11/1/1849,3.702,1.549
12/1/1849,-4.008,1.564
1/1/1850,-3.5,1.499
2/1/1850,-1.866,1.658
3/1/1850,1.203,2.858
4/1/1850,6.434,2.314
5/1/1850,12.444,0.98
6/1/1850,18.399,1.006
7/1/1850,21.577,1.143
8/1/1850,21.305,1.172
9/1/1850,16.205,1.033
10/1/1850,9.138,1.035
11/1/1850,2.341,1.769
12/1/1850,-4.7,1.439
1/1/1851,-3.086,1.329
2/1/1851,-1.3,1.362
3/1/1851,3.101,1.214
4/1/1851,7.706,1.478
5/1/1851,14.004,0.894
6/1/1851,18.762,0.84
7/1/1851,21.42,1.889
8/1/1851,20.416,1.711
9/1/1851,16.586,0.975
10/1/1851,9.066,2.137
11/1/1851,1.196,1.238
12/1/1851,-3.981,3.245
1/1/1852,-4.56,2.676
2/1/1852,-0.86,1.437
3/1/1852,1.51,1.26
4/1/1852,6.422,1.41
5/1/1852,14.034,1.119
6/1/1852,18.787,0.83
7/1/1852,21.327,1.539
8/1/1852,19.911,0.982
9/1/1852,14.864,1.478
10/1/1852,9.341,1.282
11/1/1852,0.574,1.512
12/1/1852,-3.153,1.2
1/1/1853,-3.65,1.49
2/1/1853,-2.921,1.231
3/1/1853,1.896,1.576
4/1/1853,8.518,1.254
5/1/1853,13.762,1.065
6/1/1853,19.101,1.021
7/1/1853,20.894,0.93
8/1/1853,19.869,1.196
9/1/1853,15.895,1.169
10/1/1853,8.011,0.977
11/1/1853,2.726,1.979
12/1/1853,-2.582,1.608
1/1/1854,-4.986,1.979
2/1/1854,-1.785,1.579
3/1/1854,3.089,1.493
4/1/1854,8.219,1.038
5/1/1854,13.403,1.067
6/1/1854,18.509,1.367
7/1/1854,22.205,1.421
8/1/1854,20.667,1.916
9/1/1854,16.235,0.923
10/1/1854,10.026,1.122
11/1/1854,2.748,1.233
12/1/1854,-2.475,2.671
1/1/1855,-3.133,2.419
2/1/1855,-2.983,1.771
3/1/1855,1.827,1.388
4/1/1855,9.182,1.91
5/1/1855,14.383,1.692
6/1/1855,18.57,1.239
7/1/1855,21.358,1.106
8/1/1855,20.053,1.087
9/1/1855,16.241,1.047
10/1/1855,8.497,1.447
11/1/1855,2.21,1.495
12/1/1855,-4.692,2.004
1/1/1856,-6.784,1.383
2/1/1856,-3.514,1.779
3/1/1856,1.005,1.451
4/1/1856,8.661,0.987
5/1/1856,13.892,1.347
6/1/1856,19.978,1.417
7/1/1856,22.019,0.82
8/1/1856,19.801,1.755
9/1/1856,15.327,1.504
10/1/1856,8.573,1.176
11/1/1856,1.418,1.164
12/1/1856,-5.057,1.73
1/1/1857,-7.097,1.372
2/1/1857,-0.314,1.295
3/1/1857,2.048,1.132
4/1/1857,5.974,0.83
5/1/1857,13.08,0.843
6/1/1857,18.802,0.902
7/1/1857,21.27,1.031
8/1/1857,19.998,1.258
9/1/1857,15.482,1.072
10/1/1857,8.168,1.353
11/1/1857,1.411,1.089
12/1/1857,-1.138,1.309
1/1/1858,-1.67,1.686
2/1/1858,-3.389,1.109
3/1/1858,2.79,1.404
4/1/1858,7.782,1.452
5/1/1858,13.287,1.162
6/1/1858,18.995,1.373
7/1/1858,21.112,1.257
8/1/1858,19.787,1.315
9/1/1858,15.665,1.097
10/1/1858,8.946,1.379
11/1/1858,0.733,1.489
12/1/1858,-3.084,1.569
1/1/1859,-4.056,1.33
2/1/1859,-1.518,1.245
3/1/1859,2.693,1.399
4/1/1859,6.471,1.262
5/1/1859,14.088,1.213
6/1/1859,18.836,1.078
7/1/1859,20.808,1.35
8/1/1859,19.616,1.304
9/1/1859,14.634,1.119
10/1/1859,7.811,1.081
11/1/1859,2.337,1.062
12/1/1859,-5.518,1.553
1/1/1860,-3.784,1.542
2/1/1860,-2.008,1.386
3/1/1860,3.312,2.13
4/1/1860,7.939,1.089
5/1/1860,13.918,1.215
6/1/1860,18.693,0.942
7/1/1860,21.548,0.713
8/1/1860,20.256,0.899
9/1/1860,15.433,0.828
10/1/1860,9.236,0.915
11/1/1860,1.876,0.95
12/1/1860,-3.448,1.35
1/1/1861,-5.307,1.576
2/1/1861,-1.211,1.319
3/1/1861,2.317,0.979
4/1/1861,8.307,1.032
5/1/1861,13.165,0.973
6/1/1861,19.429,1.423
7/1/1861,21.232,1.109
8/1/1861,19.954,0.921
9/1/1861,15.71,0.742
10/1/1861,8.788,1.005
11/1/1861,2.684,1.346
12/1/1861,-1.262,1.406
1/1/1862,-4.437,2.078
2/1/1862,-4.321,1.388
3/1/1862,1.326,1.002
4/1/1862,6.762,1.033
5/1/1862,13.759,1.293
6/1/1862,18.554,1.096
7/1/1862,21.368,1.109
8/1/1862,20.505,1.071
9/1/1862,15.929,1.102
10/1/1862,8.931,1.315
11/1/1862,1.883,0.974
12/1/1862,-1.691,2.083
1/1/1863,-2.595,2.361
2/1/1863,-2.232,2.423
3/1/1863,2.419,1.058
4/1/1863,8.4,1.181
5/1/1863,14.146,1.415
6/1/1863,18.404,0.881
7/1/1863,21.136,0.936
8/1/1863,19.922,0.972
9/1/1863,15.775,0.725
10/1/1863,7.413,0.863
11/1/1863,1.683,1.342
12/1/1863,-3.116,1.455
1/1/1864,-4.711,1.604
2/1/1864,-0.944,1.694
3/1/1864,1.361,1.172
4/1/1864,7.272,1.109
5/1/1864,14.569,0.95
6/1/1864,19.062,1.308
7/1/1864,21.837,1.151
8/1/1864,20.748,1.366
9/1/1864,16.122,1.236
10/1/1864,7.545,1.023
11/1/1864,1.575,1.453
12/1/1864,-3.863,1.446
1/1/1865,-4.758,1.217
2/1/1865,-2.03,1.285
3/1/1865,1.306,1.063
4/1/1865,7.276,1.235
5/1/1865,14.495,1.001
6/1/1865,19.625,0.976
7/1/1865,20.81,1.311
8/1/1865,20.363,1.111
9/1/1865,17.28,0.705
10/1/1865,8.857,0.949
11/1/1865,3.496,1.178
12/1/1865,-4.772,1.5
1/1/1866,-4.378,1.22
2/1/1866,-2.927,1.505
3/1/1866,1.614,1.213
4/1/1866,8.654,1.073
5/1/1866,13.259,1.306
6/1/1866,18.236,0.877
7/1/1866,21.679,0.913
8/1/1866,19.507,1.031
9/1/1866,14.729,0.838
10/1/1866,9.139,0.914
11/1/1866,3.008,1.123
12/1/1866,-2.508,1.416
1/1/1867,-4.794,1.641
2/1/1867,-1.556,1.181
3/1/1867,-1.01,1.114
4/1/1867,7.772,1.45
5/1/1867,12.576,0.889
6/1/1867,19.347,1.182
7/1/1867,21.011,1.139
8/1/1867,20.424,0.943
9/1/1867,16.492,1.089
10/1/1867,9.517,0.874
11/1/1867,3.54,1.953
12/1/1867,-1.211,2.023
1/1/1868,-6.279,1.261
2/1/1868,-2.536,1.651
3/1/1868,3.702,1.097
4/1/1868,7.401,1.236
5/1/1868,13.762,1.157
6/1/1868,18.911,0.819
7/1/1868,22.242,0.856
8/1/1868,19.646,1.072
9/1/1868,14.564,0.836
10/1/1868,8.801,0.909
11/1/1868,1.704,1.188
12/1/1868,-3.429,1.347
1/1/1869,-2.731,1.23
2/1/1869,-1.941,1.494
3/1/1869,1.265,1.277
4/1/1869,7.326,1.774
5/1/1869,13.682,1.265
6/1/1869,18.377,0.642
7/1/1869,21.268,0.748
8/1/1869,20.645,0.606
9/1/1869,15.604,0.658
10/1/1869,7.075,0.966
11/1/1869,2.111,0.848
12/1/1869,-2.946,1.068
1/1/1870,-3.085,1.253
2/1/1870,-1.176,1.064
3/1/1870,0.74,0.853
4/1/1870,8.493,0.764
5/1/1870,14.711,0.838
6/1/1870,19.418,1.236
7/1/1870,22.188,1.016
8/1/1870,19.771,0.696
9/1/1870,16.215,0.72
10/1/1870,9.304,1.099
11/1/1870,3.32,1.507
12/1/1870,-3.945,1.077
1/1/1871,-3.193,1.127
2/1/1871,-1.427,1.689
3/1/1871,2.889,1.151
4/1/1871,8.361,0.735
5/1/1871,14.448,0.684
6/1/1871,19.791,0.537
7/1/1871,21.367,0.946
8/1/1871,20.67,0.805
9/1/1871,15.506,0.93
10/1/1871,9.436,0.902
11/1/1871,0.444,0.992
12/1/1871,-3.811,1.145
1/1/1872,-4.727,2.024
2/1/1872,-1.918,1.668
3/1/1872,1.03,1.223
4/1/1872,7.558,1.45
5/1/1872,14.253,0.957
6/1/1872,19.09,0.998
7/1/1872,21.065,0.994
8/1/1872,20.442,1.304
9/1/1872,15.574,0.586
10/1/1872,8.901,0.608
11/1/1872,-0.308,0.816
12/1/1872,-4.951,1.683
1/1/1873,-5.177,1.233
2/1/1873,-2.979,1.309
3/1/1873,2.016,1.187
4/1/1873,6.508,1.155
5/1/1873,13.091,0.867
6/1/1873,19.304,0.663
7/1/1873,21.429,0.836
8/1/1873,20.443,0.693
9/1/1873,15.391,0.791
10/1/1873,7.741,0.751
11/1/1873,2.115,0.706
12/1/1873,-3.125,0.909
1/1/1874,-3.292,0.99
2/1/1874,-2.593,0.664
3/1/1874,1.55,0.741
4/1/1874,6.25,0.666
5/1/1874,15.054,0.745
6/1/1874,19.671,0.978
7/1/1874,22.079,0.591
8/1/1874,21.06,0.762
9/1/1874,15.986,0.569
10/1/1874,9.605,0.723
11/1/1874,1.937,0.708
12/1/1874,-2.091,0.893
1/1/1875,-7.57,0.987
2/1/1875,-4.216,1.019
3/1/1875,0.466,0.771
4/1/1875,6.622,0.727
5/1/1875,14.171,0.756
6/1/1875,18.848,1.005
7/1/1875,21.284,0.742
8/1/1875,19.652,0.553
9/1/1875,15.357,0.618
10/1/1875,9.277,0.578
11/1/1875,1.04,0.93
12/1/1875,-0.735,0.655
1/1/1876,-2.744,0.772
2/1/1876,-1.631,0.783
3/1/1876,0.077,1.461
4/1/1876,7.835,0.925
5/1/1876,13.645,1.036
6/1/1876,18.837,0.751
7/1/1876,21.524,0.915
8/1/1876,20.152,0.81
9/1/1876,15.397,0.801
10/1/1876,8.513,0.902
11/1/1876,1.137,0.957
12/1/1876,-5.554,1.042
1/1/1877,-4.87,1.266
2/1/1877,-0.304,1.038
3/1/1877,2.376,0.642
4/1/1877,7.495,1.021
5/1/1877,13.429,0.645
6/1/1877,18.373,1.809
7/1/1877,21.461,0.764
8/1/1877,20.481,0.834
9/1/1877,15.97,0.741
10/1/1877,8.736,0.955
11/1/1877,1.821,1.275
12/1/1877,-0.609,1.807
1/1/1878,-3.384,1.234
2/1/1878,-0.555,1.304
3/1/1878,5.107,0.98
4/1/1878,9.132,0.801
5/1/1878,13.288,0.759
6/1/1878,18.674,0.917
7/1/1878,22.029,0.843
8/1/1878,21.152,0.861
9/1/1878,15.402,0.642
10/1/1878,8.618,0.657
11/1/1878,3.23,0.906
12/1/1878,-4.487,1.378
1/1/1879,-4.741,0.918
2/1/1879,-2.352,1.024
3/1/1879,4.006,0.792
4/1/1879,8.311,1.088
5/1/1879,14.541,1.063
6/1/1879,18.569,0.887
7/1/1879,21.696,1.132
8/1/1879,19.854,0.945
9/1/1879,15.429,0.682
10/1/1879,10.308,0.901
11/1/1879,2.179,0.844
12/1/1879,-3.601,1.22
1/1/1880,-1.04,1.197
2/1/1880,-2.064,0.918
3/1/1880,1.101,1.218
4/1/1880,7.748,0.715
5/1/1880,14.862,0.815
6/1/1880,18.939,0.812
7/1/1880,20.85,0.789
8/1/1880,19.773,0.87
9/1/1880,15.112,1.004
10/1/1880,8.209,1.075
11/1/1880,-1.399,1.811
12/1/1880,-4.767,1.461
1/1/1881,-6.51,1.565
2/1/1881,-2.688,1.428
3/1/1881,1.906,1.313
4/1/1881,7.926,0.874
5/1/1881,15.011,0.7
6/1/1881,19.178,0.925
7/1/1881,21.669,0.483
8/1/1881,21.06,0.59
9/1/1881,16.254,0.527
10/1/1881,9.491,0.479
11/1/1881,1.372,0.626
12/1/1881,-0.947,0.991
1/1/1882,-3.498,0.862
2/1/1882,-1.097,0.875
3/1/1882,2.623,0.796
4/1/1882,7.622,0.685
5/1/1882,12.545,0.552
6/1/1882,18.541,0.565
7/1/1882,20.368,0.445
8/1/1882,20.066,0.535
9/1/1882,15.52,0.447
10/1/1882,9.383,0.466
11/1/1882,1.544,0.83
12/1/1882,-3.178,0.507
1/1/1883,-6.158,0.606
2/1/1883,-3.898,1.123
3/1/1883,2.093,0.725
4/1/1883,7.54,0.668
5/1/1883,12.981,0.651
6/1/1883,19.05,0.507
7/1/1883,20.922,0.827
8/1/1883,19.683,0.539
9/1/1883,15.497,0.493
10/1/1883,8.266,0.48
11/1/1883,1.734,0.635
12/1/1883,-2.403,0.569
1/1/1884,-5.94,0.529
2/1/1884,-3.476,0.669
3/1/1884,1.916,0.655
4/1/1884,7.229,0.665
5/1/1884,13.78,0.548
6/1/1884,18.677,0.508
7/1/1884,20.645,0.481
8/1/1884,19.639,0.639
9/1/1884,15.802,0.571
10/1/1884,9.469,0.702
11/1/1884,2.307,0.529
12/1/1884,-4.552,1.038
1/1/1885,-6.103,0.817
2/1/1885,-4.119,0.672
3/1/1885,1.775,0.702
4/1/1885,8.417,0.461
5/1/1885,13.598,0.406
6/1/1885,18.295,0.426
7/1/1885,21.241,0.593
8/1/1885,19.644,0.65
9/1/1885,15.656,0.413
10/1/1885,8.602,0.584
11/1/1885,2.767,0.564
12/1/1885,-1.872,0.778
1/1/1886,-7.581,1.14
2/1/1886,-2.065,1.008
3/1/1886,1.17,0.547
4/1/1886,8.099,0.566
5/1/1886,14.96,0.51
6/1/1886,18.672,0.447
7/1/1886,21.862,0.562
8/1/1886,20.64,0.489
9/1/1886,15.755,0.5
10/1/1886,9.223,0.74
11/1/1886,0.828,0.803
12/1/1886,-3.381,0.953
1/1/1887,-5.627,1.077
2/1/1887,-3.27,1.113
3/1/1887,2.608,0.751
4/1/1887,7.865,0.728
5/1/1887,14.755,0.604
6/1/1887,18.888,0.47
7/1/1887,21.419,0.785
8/1/1887,19.511,0.617
9/1/1887,15.661,0.588
10/1/1887,8.153,0.603
11/1/1887,2.029,0.784
12/1/1887,-4.269,1.09
1/1/1888,-7.093,1.002
2/1/1888,-1.344,1.008
3/1/1888,0.299,0.755
4/1/1888,8.676,0.873
5/1/1888,12.962,0.517
6/1/1888,18.356,0.656
7/1/1888,21.189,0.552
8/1/1888,19.89,0.593
9/1/1888,15.946,0.569
10/1/1888,8.729,0.668
11/1/1888,1.912,0.767
12/1/1888,-1.448,0.787
1/1/1889,-3.82,0.774
2/1/1889,-3.246,0.771
3/1/1889,3.852,0.723
4/1/1889,9.301,0.622
5/1/1889,13.795,0.586
6/1/1889,18.335,0.538
7/1/1889,21.122,0.516
8/1/1889,20.037,0.589
9/1/1889,14.91,0.662
10/1/1889,8.95,0.565
11/1/1889,1.562,0.818
12/1/1889,0.779,0.992
1/1/1890,-4.113,0.819
2/1/1890,-1.66,1.01
3/1/1890,1.269,0.951
4/1/1890,8.042,0.78
5/1/1890,13.593,0.747
6/1/1890,18.823,0.555
7/1/1890,21.513,0.523
8/1/1890,19.4,0.549
9/1/1890,15.342,0.568
10/1/1890,8.636,0.595
11/1/1890,3.319,0.703
12/1/1890,-1.454,1.013
1/1/1891,-2.881,1.106
2/1/1891,-2.78,1.009
3/1/1891,0.29,0.834
4/1/1891,8.32,0.681
5/1/1891,13.192,0.649
6/1/1891,18.06,0.588
7/1/1891,20.225,0.606
8/1/1891,19.923,0.631
9/1/1891,16.369,0.627
10/1/1891,8.834,0.741
11/1/1891,1.817,0.958
12/1/1891,-1.568,1.069
1/1/1892,-5.101,1.152
2/1/1892,-1.033,1.179
3/1/1892,1.474,1.196
4/1/1892,7.081,0.953
5/1/1892,12.593,0.856
6/1/1892,18.433,0.718
7/1/1892,20.737,0.672
8/1/1892,20.024,0.685
9/1/1892,16.179,0.534
10/1/1892,9.484,0.42
11/1/1892,1.427,0.69
12/1/1892,-3.162,0.794
1/1/1893,-5.757,0.665
2/1/1893,-2.849,0.465
3/1/1893,1.412,0.327
4/1/1893,7.742,0.461
5/1/1893,13.375,0.401
6/1/1893,18.767,0.48
7/1/1893,21.334,0.444
8/1/1893,19.772,0.465
9/1/1893,15.69,0.451
10/1/1893,8.731,0.396
11/1/1893,1.445,0.279
12/1/1893,-1.61,0.614
1/1/1894,-4.353,0.522
2/1/1894,-4.817,0.731
3/1/1894,3.062,0.971
4/1/1894,8.001,0.614
5/1/1894,13.822,0.403
6/1/1894,18.301,0.302
7/1/1894,21.031,0.288
8/1/1894,20.264,0.496
9/1/1894,15.808,0.397
10/1/1894,9.29,0.311
11/1/1894,2.64,0.493
12/1/1894,-1.448,0.58
1/1/1895,-5.413,0.64
2/1/1895,-5.196,0.521
3/1/1895,1.745,0.352
4/1/1895,8.433,0.52
5/1/1895,13.669,0.362
6/1/1895,18.158,0.369
7/1/1895,20.119,0.251
8/1/1895,19.95,0.317
9/1/1895,16.125,0.411
10/1/1895,8.108,0.311
11/1/1895,1.688,0.295
12/1/1895,-3.218,0.482
1/1/1896,-3.884,0.578
2/1/1896,-2.288,0.346
3/1/1896,0.971,0.409
4/1/1896,8.177,0.48
5/1/1896,14.405,0.275
6/1/1896,19.081,0.358
7/1/1896,21.129,0.311
8/1/1896,20.261,0.448
9/1/1896,15.377,0.287
10/1/1896,8.75,0.419
11/1/1896,1.287,0.576
12/1/1896,-1.463,0.358
1/1/1897,-4.413,0.518
2/1/1897,-1.787,0.439
3/1/1897,0.664,0.525
4/1/1897,7.79,0.429
5/1/1897,14.078,0.33
6/1/1897,18.58,0.507
7/1/1897,20.935,0.285
8/1/1897,19.989,0.332
9/1/1897,16.422,0.353
10/1/1897,9.505,0.448
11/1/1897,2.626,0.626
12/1/1897,-2.711,0.695
1/1/1898,-3.48,0.718
2/1/1898,-1.571,0.309
3/1/1898,3.106,0.682
4/1/1898,8.038,0.378
5/1/1898,13.262,0.399
6/1/1898,18.922,0.441
7/1/1898,21.192,0.56
8/1/1898,20.678,0.56
9/1/1898,16.251,0.268
10/1/1898,8.219,0.284
11/1/1898,0.773,0.378
12/1/1898,-4.255,0.739
1/1/1899,-4.17,0.556
2/1/1899,-6.011,0.432
3/1/1899,0.746,0.455
4/1/1899,7.736,0.502
5/1/1899,13.464,0.361
6/1/1899,18.397,0.326
7/1/1899,21.057,0.327
8/1/1899,20.204,0.39
9/1/1899,15.951,0.336
10/1/1899,9.434,0.342
11/1/1899,4.258,0.291
12/1/1899,-3.064,0.46
1/1/1900,-2.573,0.443
2/1/1900,-2.912,0.533
3/1/1900,2.636,0.358
4/1/1900,8.091,0.263
5/1/1900,14.317,0.239
6/1/1900,19.28,0.379
7/1/1900,21.134,0.478
8/1/1900,20.62,0.353
9/1/1900,16.242,0.359
10/1/1900,10.536,0.431
11/1/1900,2.414,0.398
12/1/1900,-1.526,0.573
1/1/1901,-3.432,0.358
2/1/1901,-3.827,0.375
3/1/1901,2.085,0.412
4/1/1901,6.877,0.519
5/1/1901,13.623,0.372
6/1/1901,18.365,0.456
7/1/1901,22.418,0.401
8/1/1901,20.647,0.383
9/1/1901,15.375,0.335
10/1/1901,10.224,0.318
11/1/1901,2.507,0.438
12/1/1901,-2.923,0.471
1/1/1902,-3.927,0.676
2/1/1902,-2.343,0.478
3/1/1902,1.898,0.262
4/1/1902,7.759,0.269
5/1/1902,14.56,0.435
6/1/1902,18.638,0.491
7/1/1902,20.688,0.361
8/1/1902,19.962,0.33
9/1/1902,15.182,0.214
10/1/1902,9.996,0.352
11/1/1902,3.142,0.286
12/1/1902,-4.107,0.772
1/1/1903,-4.273,0.63
2/1/1903,-4.017,0.587
3/1/1903,3.036,0.418
4/1/1903,7.183,0.379
5/1/1903,13.166,0.257
6/1/1903,17.403,0.435
7/1/1903,20.549,0.446
8/1/1903,19.818,0.341
9/1/1903,15.046,0.351
10/1/1903,9.023,0.393
11/1/1903,1.69,0.363
12/1/1903,-2.897,0.428
1/1/1904,-5.517,0.804
2/1/1904,-3.159,0.697
3/1/1904,2.627,0.402
4/1/1904,7.364,0.279
5/1/1904,13.767,0.325
6/1/1904,17.949,0.443
7/1/1904,20.264,0.438
8/1/1904,19.482,0.367
9/1/1904,15.938,0.304
10/1/1904,9.629,0.32
11/1/1904,2.753,0.5
12/1/1904,-2.689,0.385
1/1/1905,-4.786,0.637
2/1/1905,-4.43,0.448
3/1/1905,4.707,0.3
4/1/1905,8.112,0.458
5/1/1905,13.254,0.26
6/1/1905,18.337,0.283
7/1/1905,20.432,0.23
8/1/1905,20.473,0.267
9/1/1905,16.206,0.233
10/1/1905,8.391,0.411
11/1/1905,3.51,0.353
12/1/1905,-3.378,0.524
1/1/1906,-3.88,0.548
2/1/1906,-1.597,0.408
3/1/1906,0.736,0.238
4/1/1906,8.731,0.28
5/1/1906,13.517,0.3
6/1/1906,18.219,0.478
7/1/1906,20.545,0.28
8/1/1906,20.239,0.269
9/1/1906,16.804,0.219
10/1/1906,9.172,0.2
11/1/1906,2.007,0.246
12/1/1906,-1.772,0.678
1/1/1907,-3.011,0.431
2/1/1907,-2.082,0.346
3/1/1907,4.136,0.317
4/1/1907,6.417,0.264
5/1/1907,11.935,0.324
6/1/1907,17.257,0.231
7/1/1907,20.662,0.295
8/1/1907,19.741,0.322
9/1/1907,15.73,0.257
10/1/1907,9.167,0.345
11/1/1907,2.046,0.327
12/1/1907,-1.27,0.407
1/1/1908,-2.655,0.495
2/1/1908,-1.552,0.433
3/1/1908,3.453,0.373
4/1/1908,8.501,0.218
5/1/1908,13.127,0.242
6/1/1908,17.895,0.256
7/1/1908,21.004,0.279
8/1/1908,19.591,0.295
9/1/1908,15.949,0.358
10/1/1908,8.173,0.337
11/1/1908,3.078,0.275
12/1/1908,-1.497,0.576
1/1/1909,-3.627,0.372
2/1/1909,-1.809,0.34
3/1/1909,1.745,0.263
4/1/1909,6.805,0.328
5/1/1909,12.705,0.29
6/1/1909,18.643,0.181
7/1/1909,20.885,0.23
8/1/1909,20.72,0.201
9/1/1909,15.612,0.188
10/1/1909,8.851,0.323
11/1/1909,3.799,0.256
12/1/1909,-5.667,0.404
1/1/1910,-4.26,0.462
2/1/1910,-4.243,0.466
3/1/1910,5.972,0.31
4/1/1910,8.618,0.307
5/1/1910,13.182,0.166
6/1/1910,18.243,0.162
7/1/1910,21.38,0.155
8/1/1910,19.847,0.219
9/1/1910,16.63,0.207
10/1/1910,10.201,0.265
11/1/1910,2.56,0.258
12/1/1910,-3.035,0.377
1/1/1911,-3.006,0.389
2/1/1911,-1.433,0.489
3/1/1911,3.259,0.346
4/1/1911,7.184,0.217
5/1/1911,14.122,0.213
6/1/1911,19.57,0.247
7/1/1911,20.892,0.256
8/1/1911,19.886,0.154
9/1/1911,16.869,0.284
10/1/1911,9.583,0.187
11/1/1911,0.624,0.351
12/1/1911,-2.695,0.556
1/1/1912,-5.591,0.624
2/1/1912,-2.417,0.536
3/1/1912,0.695,0.478
4/1/1912,8.249,0.32
5/1/1912,14.127,0.399
6/1/1912,17.551,0.23
7/1/1912,20.578,0.202
8/1/1912,19.307,0.213
9/1/1912,15.134,0.233
10/1/1912,9.256,0.248
11/1/1912,3.192,0.297
12/1/1912,-2.39,0.223
1/1/1913,-4.323,0.478
2/1/1913,-2.982,0.397
3/1/1913,1.57,0.194
4/1/1913,8.02,0.275
5/1/1913,13.767,0.197
6/1/1913,18.731,0.202
7/1/1913,21.019,0.214
8/1/1913,20.744,0.344
9/1/1913,15.332,0.32
10/1/1913,8.337,0.311
11/1/1913,4.355,0.422
12/1/1913,-1.944,0.355
1/1/1914,-1.673,0.587
2/1/1914,-3.253,0.382
3/1/1914,2.188,0.278
4/1/1914,8.026,0.384
5/1/1914,14.28,0.377
6/1/1914,19.133,0.295
7/1/1914,21.429,0.25
8/1/1914,20.253,0.239
9/1/1914,15.729,0.282
10/1/1914,10.597,0.295
11/1/1914,3.586,0.316
12/1/1914,-3.777,0.495
1/1/1915,-3.958,0.467
2/1/1915,-0.853,0.424
3/1/1915,1.043,0.48
4/1/1915,10.088,0.343
5/1/1915,13.148,0.485
6/1/1915,17.743,0.207
7/1/1915,20.383,0.199
8/1/1915,19.511,0.256
9/1/1915,16.037,0.23
10/1/1915,9.812,0.186
11/1/1915,3.315,0.428
12/1/1915,-2.49,0.364
1/1/1916,-4.318,0.354
2/1/1916,-2.109,0.457
3/1/1916,2.256,0.453
4/1/1916,7.941,0.272
5/1/1916,13.277,0.178
6/1/1916,17.62,0.153
7/1/1916,21.586,0.162
8/1/1916,20.17,0.244
9/1/1916,15.54,0.227
10/1/1916,9.053,0.177
11/1/1916,1.962,0.15
12/1/1916,-4.817,0.424
1/1/1917,-5.336,0.512
2/1/1917,-2.875,0.425
3/1/1917,1.592,0.309
4/1/1917,6.957,0.283
5/1/1917,11.348,0.245
6/1/1917,17.806,0.233
7/1/1917,21.49,0.417
8/1/1917,19.923,0.317
9/1/1917,15.767,0.317
10/1/1917,7.847,0.217
11/1/1917,2.629,0.458
12/1/1917,-5.114,0.359
1/1/1918,-6.737,0.359
2/1/1918,-1.85,0.416
3/1/1918,3.915,0.378
4/1/1918,6.667,0.171
5/1/1918,13.792,0.195
6/1/1918,19.596,0.167
7/1/1918,20.916,0.217
8/1/1918,20.485,0.255
9/1/1918,14.913,0.212
10/1/1918,10.488,0.156
11/1/1918,1.569,0.282
12/1/1918,-1.739,0.235
1/1/1919,-3.257,0.402
2/1/1919,-2.279,0.334
3/1/1919,2.229,0.388
4/1/1919,8.194,0.489
5/1/1919,13.702,0.303
6/1/1919,18.615,0.194
7/1/1919,21.681,0.206
8/1/1919,20.471,0.303
9/1/1919,16.578,0.167
10/1/1919,8.987,0.211
11/1/1919,1.538,0.137
12/1/1919,-4.003,0.354
1/1/1920,-4.624,0.332
2/1/1920,-1.038,0.401
3/1/1920,1.628,0.245
4/1/1920,5.381,0.528
5/1/1920,12.99,0.232
6/1/1920,18.076,0.292
7/1/1920,20.752,0.259
8/1/1920,19.588,0.206
9/1/1920,16.247,0.26
10/1/1920,9.667,0.276
11/1/1920,1.832,0.374
12/1/1920,-2.285,0.507
1/1/1921,-2.321,0.459
2/1/1921,-0.682,0.285
3/1/1921,5.197,0.219
4/1/1921,7.935,0.313
5/1/1921,13.612,0.168
6/1/1921,19.506,0.346
7/1/1921,21.784,0.37
8/1/1921,20.483,0.205
9/1/1921,16.745,0.225
10/1/1921,10.188,0.232
11/1/1921,3.433,0.227
12/1/1921,-0.732,0.303
1/1/1922,-4.678,0.418
2/1/1922,-2.384,0.209
3/1/1922,1.738,0.198
4/1/1922,7.834,0.206
5/1/1922,13.851,0.268
6/1/1922,19.154,0.176
7/1/1922,20.617,0.243
8/1/1922,20.55,0.28
9/1/1922,17.048,0.281
10/1/1922,10.385,0.219
11/1/1922,2.783,0.367
12/1/1922,-1.68,0.14
1/1/1923,-1.925,0.268
2/1/1923,-3.042,0.271
3/1/1923,1.106,0.182
4/1/1923,7.579,0.156
5/1/1923,13.487,0.181
6/1/1923,18.438,0.159
7/1/1923,21.53,0.203
8/1/1923,20.356,0.207
9/1/1923,16.284,0.202
10/1/1923,9.006,0.155
11/1/1923,3.682,0.344
12/1/1923,-1.377,0.378
1/1/1924,-5.418,0.254
2/1/1924,-1.349,0.265
3/1/1924,1.36,0.249
4/1/1924,6.617,0.267
5/1/1924,12.578,0.292
6/1/1924,18.679,0.206
7/1/1924,20.3,0.231
8/1/1924,20.249,0.198
9/1/1924,15.04,0.127
10/1/1924,9.626,0.185
11/1/1924,3.603,0.209
12/1/1924,-4.657,0.32
1/1/1925,-5.223,0.596
2/1/1925,-0.38,0.405
3/1/1925,3.972,0.343
4/1/1925,9.856,0.196
5/1/1925,13.792,0.266
6/1/1925,19.242,0.229
7/1/1925,21.496,0.157
8/1/1925,20.211,0.174
9/1/1925,17.195,0.15
10/1/1925,7.894,0.219
11/1/1925,2.55,0.315
12/1/1925,-2.408,0.298
1/1/1926,-2.437,0.234
2/1/1926,-0.045,0.224
3/1/1926,2.668,0.227
4/1/1926,8.131,0.324
5/1/1926,14.182,0.31
6/1/1926,18.768,0.262
7/1/1926,21.291,0.246
8/1/1926,20.658,0.244
9/1/1926,16.166,0.192
10/1/1926,10.512,0.244
11/1/1926,2.975,0.267
12/1/1926,-3.186,0.219
1/1/1927,-2.643,0.129
2/1/1927,0.369,0.225
3/1/1927,2.406,0.265
4/1/1927,7.629,0.169
5/1/1927,13.494,0.248
6/1/1927,18.142,0.183
7/1/1927,21.027,0.159
8/1/1927,19.134,0.174
9/1/1927,15.933,0.142
10/1/1927,10.219,0.154
11/1/1927,3.282,0.334
12/1/1927,-4.36,0.259
1/1/1928,-2.159,0.185
2/1/1928,-0.62,0.301
3/1/1928,2.807,0.216
4/1/1928,6.719,0.155
5/1/1928,14.303,0.304
6/1/1928,17.503,0.261
7/1/1928,21.151,0.229
8/1/1928,20.125,0.22
9/1/1928,15.231,0.165
10/1/1928,10.06,0.161
11/1/1928,3.148,0.264
12/1/1928,-1.756,0.366
1/1/1929,-4.485,0.246
2/1/1929,-4.131,0.187
3/1/1929,3.016,0.235
4/1/1929,8.047,0.171
5/1/1929,13.156,0.302
6/1/1929,18.241,0.169
7/1/1929,21.211,0.15
8/1/1929,20.547,0.161
9/1/1929,15.896,0.201
10/1/1929,9.663,0.15
11/1/1929,1.829,0.268
12/1/1929,-1.716,0.197
1/1/1930,-5.784,0.225
2/1/1930,0.243,0.263
3/1/1930,1.677,0.241
4/1/1930,9.419,0.264
5/1/1930,13.287,0.215
6/1/1930,18.587,0.145
7/1/1930,21.939,0.126
8/1/1930,20.758,0.079
9/1/1930,16.474,0.117
10/1/1930,8.555,0.113
11/1/1930,2.091,0.182
12/1/1930,-2.394,0.219
1/1/1931,-1.843,0.272
2/1/1931,0.576,0.255
3/1/1931,1.644,0.255
4/1/1931,8.052,0.251
5/1/1931,13.198,0.166
6/1/1931,19.565,0.173
7/1/1931,22.143,0.205
8/1/1931,20.291,0.15
9/1/1931,17.573,0.132
10/1/1931,10.659,0.151
11/1/1931,3.932,0.164
12/1/1931,-1.061,0.193
1/1/1932,-3.657,0.388
2/1/1932,-1.164,0.247
3/1/1932,1.123,0.221
4/1/1932,8.617,0.269
5/1/1932,13.868,0.219
6/1/1932,18.85,0.178
7/1/1932,21.495,0.226
8/1/1932,20.439,0.196
9/1/1932,15.926,0.157
10/1/1932,9.023,0.213
11/1/1932,1.578,0.245
12/1/1932,-3.624,0.185
1/1/1933,-2.599,0.29
2/1/1933,-3.768,0.305
3/1/1933,2.673,0.22
4/1/1933,7.73,0.2
5/1/1933,13.544,0.094
6/1/1933,19.805,0.167
7/1/1933,21.917,0.162
8/1/1933,20.234,0.129
9/1/1933,17.288,0.155
10/1/1933,9.848,0.201
11/1/1933,3.171,0.272
12/1/1933,-1.476,0.286
1/1/1934,-2.542,0.347
2/1/1934,-0.685,0.387
3/1/1934,3.215,0.207
4/1/1934,9.553,0.173
5/1/1934,15.727,0.134
6/1/1934,19.58,0.114
7/1/1934,22.412,0.137
8/1/1934,21.013,0.126
9/1/1934,15.816,0.164
10/1/1934,11.13,0.153
11/1/1934,4.402,0.139
12/1/1934,-1.702,0.206
1/1/1935,-3.068,0.335
2/1/1935,-0.059,0.335
3/1/1935,3.761,0.238
4/1/1935,7.529,0.218
5/1/1935,12.136,0.149
6/1/1935,18.199,0.127
7/1/1935,22.09,0.191
8/1/1935,20.643,0.137
9/1/1935,16.091,0.114
10/1/1935,9.543,0.147
11/1/1935,1.64,0.17
12/1/1935,-3.595,0.204
1/1/1936,-4.66,0.398
2/1/1936,-6.002,0.222
3/1/1936,3.283,0.212
4/1/1936,7.827,0.172
5/1/1936,15.312,0.23
6/1/1936,19.983,0.14
7/1/1936,22.834,0.066
8/1/1936,21.746,0.159
9/1/1936,16.777,0.191
10/1/1936,9.631,0.133
11/1/1936,2.2,0.202
12/1/1936,-1.864,0.158
1/1/1937,-4.735,0.185
2/1/1937,-2.996,0.297
3/1/1937,1.189,0.274
4/1/1937,7.357,0.173
5/1/1937,14.331,0.19
6/1/1937,18.913,0.128
7/1/1937,21.769,0.137
8/1/1937,21.466,0.169
9/1/1937,16.789,0.136
10/1/1937,10.057,0.102
11/1/1937,2.892,0.163
12/1/1937,-2.263,0.259
1/1/1938,-3.17,0.158
2/1/1938,-1.004,0.199
3/1/1938,4.371,0.172
4/1/1938,8.798,0.309
5/1/1938,13.666,0.15
6/1/1938,18.718,0.089
7/1/1938,21.359,0.108
8/1/1938,21.178,0.136
9/1/1938,17.154,0.109
10/1/1938,11.421,0.155
11/1/1938,2.428,0.138
12/1/1938,-1.257,0.162
1/1/1939,-2.23,0.272
2/1/1939,-3.239,0.278
3/1/1939,2.718,0.195
4/1/1939,8.533,0.142
5/1/1939,14.744,0.14
6/1/1939,18.855,0.228
7/1/1939,21.899,0.185
8/1/1939,20.505,0.094
9/1/1939,17.243,0.115
10/1/1939,9.731,0.175
11/1/1939,2.467,0.185
12/1/1939,0.464,0.231
1/1/1940,-5.919,0.282
2/1/1940,-1.286,0.147
3/1/1940,2.796,0.156
4/1/1940,8.62,0.157
5/1/1940,14.397,0.118
6/1/1940,19.261,0.128
7/1/1940,21.706,0.178
8/1/1940,20.543,0.159
9/1/1940,16.534,0.175
10/1/1940,10.899,0.124
11/1/1940,1.982,0.16
12/1/1940,-0.367,0.159
1/1/1941,-2.843,0.238
2/1/1941,-0.97,0.172
3/1/1941,1.771,0.168
4/1/1941,8.935,0.161
5/1/1941,14.813,0.146
6/1/1941,18.519,0.145
7/1/1941,21.365,0.151
8/1/1941,20.621,0.183
9/1/1941,16.094,0.218
10/1/1941,10.169,0.158
11/1/1941,3.213,0.185
12/1/1941,-0.494,0.177
1/1/1942,-2.619,0.137
2/1/1942,-2.024,0.129
3/1/1942,2.471,0.193
4/1/1942,9.382,0.183
5/1/1942,13.506,0.171
6/1/1942,18.511,0.164
7/1/1942,21.558,0.213
8/1/1942,20.35,0.197
9/1/1942,15.956,0.108
10/1/1942,10.116,0.108
11/1/1942,3.016,0.154
12/1/1942,-3.191,0.207
1/1/1943,-4.731,0.169
2/1/1943,-0.014,0.206
3/1/1943,1.363,0.181
4/1/1943,9.023,0.145
5/1/1943,13.801,0.164
6/1/1943,19.049,0.081
7/1/1943,21.65,0.179
8/1/1943,20.979,0.147
9/1/1943,15.873,0.19
10/1/1943,9.847,0.18
11/1/1943,3.128,0.127
12/1/1943,-1.926,0.142
1/1/1944,-2.591,0.176
2/1/1944,-0.498,0.238
3/1/1944,1.179,0.161
4/1/1944,6.996,0.162
5/1/1944,14.652,0.162
6/1/1944,18.735,0.145
7/1/1944,21.05,0.176
8/1/1944,20.369,0.19
9/1/1944,16.327,0.147
10/1/1944,10.576,0.161
11/1/1944,2.756,0.148
12/1/1944,-2.773,0.124
1/1/1945,-2.536,0.152
2/1/1945,-0.561,0.121
3/1/1945,4.299,0.102
4/1/1945,7.524,0.139
5/1/1945,12.544,0.178
6/1/1945,17.245,0.143
7/1/1945,20.995,0.201
8/1/1945,20.288,0.166
9/1/1945,16.202,0.121
10/1/1945,9.761,0.119
11/1/1945,2.164,0.163
12/1/1945,-3.87,0.157
1/1/1946,-2.595,0.159
2/1/1946,-1.155,0.16
3/1/1946,4.467,0.229
4/1/1946,9.509,0.115
5/1/1946,13.162,0.103
6/1/1946,18.725,0.199
7/1/1946,21.57,0.176
8/1/1946,19.84,0.212
9/1/1946,15.951,0.111
10/1/1946,9.675,0.099
11/1/1946,2.596,0.112
12/1/1946,-1.59,0.114
1/1/1947,-3.823,0.121
2/1/1947,-2.494,0.197
3/1/1947,1.486,0.173
4/1/1947,8.109,0.09
5/1/1947,13.871,0.167
6/1/1947,17.784,0.186
7/1/1947,21.107,0.146
8/1/1947,21.168,0.126
9/1/1947,16.835,0.115
10/1/1947,11.853,0.135
11/1/1947,1.711,0.181
12/1/1947,-1.574,0.131
1/1/1948,-4.414,0.087
2/1/1948,-2.777,0.153
3/1/1948,1.141,0.145
4/1/1948,9.114,0.193
5/1/1948,13.695,0.144
6/1/1948,18.81,0.106
7/1/1948,21.058,0.157
8/1/1948,20.155,0.124
9/1/1948,16.484,0.127
10/1/1948,9.214,0.139
11/1/1948,2.258,0.108
12/1/1948,-2.958,0.199
1/1/1949,-5.259,0.181
2/1/1949,-2.958,0.179
3/1/1949,3.084,0.201
4/1/1949,8.044,0.124
5/1/1949,14.183,0.078
6/1/1949,18.612,0.131
7/1/1949,21.593,0.111
8/1/1949,20.481,0.182
9/1/1949,15.998,0.117
10/1/1949,9.96,0.09
11/1/1949,5.215,0.117
12/1/1949,-2.296,0.174
1/1/1950,-2.893,0.171
2/1/1950,-1.757,0.156
3/1/1950,1.993,0.234
4/1/1950,7.1,0.174
5/1/1950,13.451,0.162
6/1/1950,18.408,0.144
7/1/1950,20.4,0.146
8/1/1950,19.723,0.169
9/1/1950,15.744,0.094
10/1/1950,11.473,0.095
11/1/1950,2.212,0.122
12/1/1950,-1.977,0.128
1/1/1951,-4.354,0.211
2/1/1951,-1.513,0.192
3/1/1951,0.568,0.12
4/1/1951,7.841,0.192
5/1/1951,14.296,0.259
6/1/1951,17.843,0.417
7/1/1951,21.501,0.209
8/1/1951,20.488,0.154
9/1/1951,15.979,0.279
10/1/1951,9.58,0.143
11/1/1951,1.759,0.313
12/1/1951,-2.989,0.182
1/1/1952,-3.232,0.107
2/1/1952,-0.923,0.085
3/1/1952,0.877,0.095
4/1/1952,8.128,0.094
5/1/1952,13.561,0.118
6/1/1952,19.656,0.104
7/1/1952,21.589,0.154
8/1/1952,20.744,0.155
9/1/1952,16.57,0.106
10/1/1952,9.56,0.104
11/1/1952,2.956,0.112
12/1/1952,-1.733,0.147
1/1/1953,-1.337,0.158
2/1/1953,-0.558,0.094
3/1/1953,3.417,0.085
4/1/1953,7.45,0.147
5/1/1953,13.599,0.176
6/1/1953,19.755,0.152
7/1/1953,21.797,0.134
8/1/1953,20.485,0.103
9/1/1953,16.901,0.082
10/1/1953,10.635,0.106
11/1/1953,3.907,0.089
12/1/1953,-1.686,0.143
1/1/1954,-3.65,0.183
2/1/1954,1.01,0.124
3/1/1954,1.906,0.227
4/1/1954,9.447,0.175
5/1/1954,13.256,0.134
6/1/1954,18.885,0.205
7/1/1954,22.183,0.159
8/1/1954,20.645,0.115
9/1/1954,17.032,0.196
10/1/1954,10.369,0.147
11/1/1954,4.47,0.129
12/1/1954,-2.626,0.153
1/1/1955,-3.365,0.139
2/1/1955,-3.522,0.11
3/1/1955,1.936,0.097
4/1/1955,8.49,0.093
5/1/1955,14.205,0.196
6/1/1955,17.528,0.157
7/1/1955,21.839,0.138
8/1/1955,21.113,0.187
9/1/1955,16.674,0.162
10/1/1955,9.933,0.128
11/1/1955,0.45,0.221
12/1/1955,-3.075,0.175
1/1/1956,-3.87,0.127
2/1/1956,-2.963,0.185
3/1/1956,2.105,0.092
4/1/1956,7.339,0.219
5/1/1956,14.63,0.256
6/1/1956,19.444,0.095
7/1/1956,21.202,0.15
8/1/1956,20.219,0.215
9/1/1956,16.276,0.151
10/1/1956,10.165,0.18
11/1/1956,1.466,0.26
12/1/1956,-1.614,0.308
1/1/1957,-4.243,0.208
2/1/1957,0.238,0.198
3/1/1957,2.913,0.245
4/1/1957,8.403,0.376
5/1/1957,13.753,0.167
6/1/1957,19.162,0.463
7/1/1957,21.762,0.428
8/1/1957,20.603,0.704
9/1/1957,16.008,0.504
10/1/1957,9.039,0.397
11/1/1957,2.819,0.277
12/1/1957,-0.941,0.188
1/1/1958,-2.776,0.252
2/1/1958,-2.256,0.25
3/1/1958,1.449,0.16
4/1/1958,8.144,0.236
5/1/1958,14.859,0.301
6/1/1958,18.729,0.335
7/1/1958,21.098,0.348
8/1/1958,21.135,0.302
9/1/1958,16.522,0.187
10/1/1958,9.655,0.156
11/1/1958,3.436,0.111
12/1/1958,-2.353,0.153
1/1/1959,-4.273,0.233
2/1/1959,-1.378,0.185
3/1/1959,1.606,0.344
4/1/1959,8.127,0.313
5/1/1959,14.24,0.055
6/1/1959,19.573,0.148
7/1/1959,21.11,0.294
8/1/1959,21.001,0.151
9/1/1959,16.171,0.276
10/1/1959,9.344,0.173
11/1/1959,1.602,0.146
12/1/1959,-1.219,0.191
1/1/1960,-3.791,0.161
2/1/1960,-2.488,0.223
3/1/1960,-0.038,0.103
4/1/1960,8.383,0.169
5/1/1960,13.757,0.287
6/1/1960,18.864,0.265
7/1/1960,21.568,0.139
8/1/1960,20.487,0.308
9/1/1960,16.786,0.095
10/1/1960,10.089,0.155
11/1/1960,3.061,0.181
12/1/1960,-2.371,0.077
1/1/1961,-3.139,0.247
2/1/1961,-0.421,0.176
3/1/1961,2.9,0.156
4/1/1961,6.758,0.273
5/1/1961,13.495,0.236
6/1/1961,19.164,0.292
7/1/1961,21.153,0.203
8/1/1961,20.716,0.108
9/1/1961,15.695,0.064
10/1/1961,9.336,0.25
11/1/1961,2.056,0.099
12/1/1961,-4.009,0.143
1/1/1962,-4.849,0.165
2/1/1962,-0.311,0.155
3/1/1962,0.975,0.174
4/1/1962,8.484,0.264
5/1/1962,14.61,0.18
6/1/1962,18.445,0.5
7/1/1962,20.931,0.222
8/1/1962,20.693,0.215
9/1/1962,15.776,0.283
10/1/1962,10.906,0.329
11/1/1962,3.652,0.135
12/1/1962,-1.834,0.237
1/1/1963,-5.482,0.152
2/1/1963,-1.122,0.143
3/1/1963,3.586,0.173
4/1/1963,8.493,0.186
5/1/1963,14.458,0.293
6/1/1963,18.599,0.237
7/1/1963,21.405,0.279
8/1/1963,20.43,0.114
9/1/1963,17.133,0.258
10/1/1963,12.124,0.096
11/1/1963,3.085,0.211
12/1/1963,-3.749,0.089
1/1/1964,-3.196,0.178
2/1/1964,-2.786,0.124
3/1/1964,0.683,0.073
4/1/1964,7.849,0.173
5/1/1964,13.926,0.264
6/1/1964,18.574,0.294
7/1/1964,21.909,0.196
8/1/1964,19.864,0.253
9/1/1964,15.84,0.126
10/1/1964,9.826,0.19
11/1/1964,3.129,0.112
12/1/1964,-3.718,0.086
1/1/1965,-3.194,0.12
2/1/1965,-3.053,0.152
3/1/1965,0.886,0.254
4/1/1965,8.701,0.157
5/1/1965,13.778,0.344
6/1/1965,17.768,0.437
7/1/1965,20.889,0.235
8/1/1965,19.91,0.088
9/1/1965,15.114,0.213
10/1/1965,9.579,0.246
11/1/1965,4.542,0.243
12/1/1965,-1.148,0.232
1/1/1966,-5.76,0.232
2/1/1966,-2.835,0.138
3/1/1966,2.514,0.203
4/1/1966,7.417,0.145
5/1/1966,13.581,0.213
6/1/1966,18.61,0.156
7/1/1966,22.124,0.261
8/1/1966,19.87,0.235
9/1/1966,16.296,0.225
10/1/1966,8.996,0.171
11/1/1966,3.601,0.158
12/1/1966,-2.618,0.146
1/1/1967,-2.269,0.19
2/1/1967,-2.063,0.226
3/1/1967,4.049,0.227
4/1/1967,8.471,0.095
5/1/1967,12.777,0.25
6/1/1967,18.446,0.194
7/1/1967,20.935,0.424
8/1/1967,20.188,0.265
9/1/1967,15.993,0.194
10/1/1967,9.599,0.055
11/1/1967,3.057,0.091
12/1/1967,-2.359,0.131
1/1/1968,-4.093,0.214
2/1/1968,-2.287,0.143
3/1/1968,3.935,0.164
4/1/1968,7.783,0.179
5/1/1968,12.994,0.158
6/1/1968,18.754,0.307
7/1/1968,21.389,0.274
8/1/1968,20.077,0.173
9/1/1968,15.702,0.142
10/1/1968,9.857,0.195
11/1/1968,2.595,0.123
12/1/1968,-4.067,0.166
1/1/1969,-4.523,0.171
2/1/1969,-2.224,0.19
3/1/1969,0.337,0.109
4/1/1969,9.306,0.211
5/1/1969,14.758,0.152
6/1/1969,18.272,0.267
7/1/1969,21.605,0.151
8/1/1969,20.625,0.266
9/1/1969,16.803,0.086
10/1/1969,8.888,0.135
11/1/1969,2.448,0.097
12/1/1969,-1.045,0.236
1/1/1970,-5.642,0.212
2/1/1970,-0.253,0.125
3/1/1970,1.783,0.264
4/1/1970,7.389,0.221
5/1/1970,14.433,0.2
6/1/1970,18.803,0.237
7/1/1970,21.56,0.127
8/1/1970,21.043,0.169
9/1/1970,15.814,0.13
10/1/1970,8.286,0.174
11/1/1970,2.969,0.128
12/1/1970,-2.109,0.144
1/1/1971,-5.185,0.183
2/1/1971,-2.323,0.188
3/1/1971,1.028,0.101
4/1/1971,7.412,0.165
5/1/1971,12.763,0.209
6/1/1971,19.337,0.122
7/1/1971,20.903,0.192
8/1/1971,20.418,0.187
9/1/1971,16.014,0.175
10/1/1971,10.097,0.177
11/1/1971,2.545,0.152
12/1/1971,-1.699,0.168
1/1/1972,-4.279,0.243
2/1/1972,-2.286,0.154
3/1/1972,2.838,0.138
4/1/1972,7.358,0.227
5/1/1972,14,0.114
6/1/1972,18.57,0.216
7/1/1972,21.074,0.216
8/1/1972,20.579,0.219
9/1/1972,15.962,0.167
10/1/1972,9.1,0.243
11/1/1972,1.678,0.068
12/1/1972,-3.457,0.201
1/1/1973,-4.54,0.297
2/1/1973,-1.62,0.246
3/1/1973,3.725,0.279
4/1/1973,7.218,0.178
5/1/1973,13.492,0.313
6/1/1973,18.945,0.092
7/1/1973,21.242,0.233
8/1/1973,20.62,0.265
9/1/1973,16.186,0.079
10/1/1973,10.539,0.203
11/1/1973,3.031,0.089
12/1/1973,-1.622,0.149
1/1/1974,-3.583,0.213
2/1/1974,-2.291,0.208
3/1/1974,3.758,0.169
4/1/1974,8.402,0.114
5/1/1974,14.143,0.18
6/1/1974,18.66,0.141
7/1/1974,21.704,0.17
8/1/1974,19.923,0.255
9/1/1974,15.458,0.174
10/1/1974,9.32,0.107
11/1/1974,2.773,0.295
12/1/1974,-2.476,0.203
1/1/1975,-3.216,0.13
2/1/1975,-2.34,0.18
3/1/1975,1.44,0.105
4/1/1975,5.968,0.114
5/1/1975,13.956,0.19
6/1/1975,18.198,0.225
7/1/1975,21.53,0.336
8/1/1975,20.285,0.456
9/1/1975,15.289,0.26
10/1/1975,9.844,0.232
11/1/1975,2.429,0.127
12/1/1975,-2.211,0.117
1/1/1976,-3.876,0.112
2/1/1976,0.256,0.165
3/1/1976,2.94,0.173
4/1/1976,8.575,0.165
5/1/1976,13.308,0.336
6/1/1976,18.448,0.228
7/1/1976,21.201,0.31
8/1/1976,20.131,0.19
9/1/1976,16.176,0.219
10/1/1976,7.818,0.279
11/1/1976,1.913,0.154
12/1/1976,-3.075,0.136
1/1/1977,-5.601,0.111
2/1/1977,0.271,0.226
3/1/1977,2.918,0.128
4/1/1977,9.153,0.126
5/1/1977,14.556,0.198
6/1/1977,19.741,0.172
7/1/1977,22.083,0.246
8/1/1977,20.909,0.213
9/1/1977,17.025,0.173
10/1/1977,9.815,0.133
11/1/1977,2.694,0.054
12/1/1977,-2.326,0.193
1/1/1978,-4.646,0.223
2/1/1978,-3.857,0.215
3/1/1978,2.819,0.194
4/1/1978,8.736,0.199
5/1/1978,13.89,0.151
6/1/1978,18.872,0.216
7/1/1978,21.733,0.236
8/1/1978,20.653,0.266
9/1/1978,17.028,0.083
10/1/1978,9.73,0.151
11/1/1978,3.186,0.238
12/1/1978,-3.127,0.28
1/1/1979,-6.62,0.247
2/1/1979,-5.276,0.158
3/1/1979,3.175,0.193
4/1/1979,7.974,0.265
5/1/1979,13.758,0.252
6/1/1979,18.514,0.155
7/1/1979,21.439,0.148
8/1/1979,20.371,0.281
9/1/1979,17.086,0.072
10/1/1979,10.821,0.086
11/1/1979,2.972,0.139
12/1/1979,-1.355,0.161
1/1/1980,-3.517,0.134
2/1/1980,-1.325,0.12
3/1/1980,2.073,0.124
4/1/1980,8.601,0.225
5/1/1980,14.167,0.152
6/1/1980,18.939,0.178
7/1/1980,22.544,0.227
8/1/1980,20.776,0.193
9/1/1980,16.791,0.094
10/1/1980,9.348,0.117
11/1/1980,3.42,0.063
12/1/1980,-2.191,0.112
1/1/1981,-0.996,0.187
2/1/1981,0.022,0.189
3/1/1981,4.221,0.112
4/1/1981,10.178,0.19
5/1/1981,13.88,0.157
6/1/1981,19.467,0.291
7/1/1981,21.562,0.252
8/1/1981,20.495,0.124
9/1/1981,16.223,0.12
10/1/1981,9.072,0.177
11/1/1981,4.344,0.118
12/1/1981,-1.81,0.201
1/1/1982,-5.793,0.141
2/1/1982,-2.141,0.14
3/1/1982,3.048,0.156
4/1/1982,6.736,0.09
5/1/1982,14.001,0.183
6/1/1982,17.84,0.225
7/1/1982,21.383,0.231
8/1/1982,20.56,0.072
9/1/1982,16.061,0.109
10/1/1982,8.802,0.075
11/1/1982,2.43,0.219
12/1/1982,-0.453,0.201
1/1/1983,-2.596,0.198
2/1/1983,0.026,0.202
3/1/1983,3.227,0.19
4/1/1983,6.625,0.11
5/1/1983,13.011,0.183
6/1/1983,18.284,0.251
7/1/1983,21.787,0.179
8/1/1983,21.763,0.128
9/1/1983,16.346,0.133
10/1/1983,9.854,0.178
11/1/1983,3.759,0.167
12/1/1983,-5.138,0.27
1/1/1984,-4.207,0.155
2/1/1984,-1.015,0.11
3/1/1984,2.553,0.161
4/1/1984,7.175,0.122
5/1/1984,13.769,0.089
6/1/1984,19.035,0.125
7/1/1984,21.264,0.287
8/1/1984,20.886,0.211
9/1/1984,15.677,0.138
10/1/1984,9.514,0.171
11/1/1984,2.373,0.21
12/1/1984,-1.29,0.182
1/1/1985,-4.019,0.171
2/1/1985,-3.455,0.12
3/1/1985,3.677,0.077
4/1/1985,8.709,0.257
5/1/1985,14.656,0.211
6/1/1985,18.462,0.308
7/1/1985,21.758,0.218
8/1/1985,20.02,0.202
9/1/1985,15.271,0.224
10/1/1985,9.435,0.117
11/1/1985,1.545,0.098
12/1/1985,-3.015,0.374
1/1/1986,-1.274,0.306
2/1/1986,-0.175,0.256
3/1/1986,4.471,0.175
4/1/1986,8.394,0.157
5/1/1986,14.245,0.17
6/1/1986,19.789,0.201
7/1/1986,21.544,0.153
8/1/1986,20.188,0.207
9/1/1986,15.92,0.223
10/1/1986,9.691,0.134
11/1/1986,2.504,0.186
12/1/1986,-0.583,0.151
1/1/1987,-2.525,0.213
2/1/1987,0.257,0.144
3/1/1987,3.266,0.135
4/1/1987,9.16,0.135
5/1/1987,15.258,0.122
6/1/1987,19.63,0.172
7/1/1987,21.479,0.183
8/1/1987,20.587,0.238
9/1/1987,16.371,0.154
10/1/1987,9.653,0.142
11/1/1987,3.835,0.112
12/1/1987,-1.433,0.078
1/1/1988,-4.263,0.12
2/1/1988,-1.361,0.156
3/1/1988,3.252,0.117
4/1/1988,8.686,0.151
5/1/1988,14.642,0.171
6/1/1988,20.021,0.245
7/1/1988,22.243,0.185
8/1/1988,21.295,0.124
9/1/1988,16.161,0.143
10/1/1988,9.22,0.142
11/1/1988,2.909,0.108
12/1/1988,-1.501,0.165
1/1/1989,-3.103,0.191
2/1/1989,-2.817,0.133
3/1/1989,3.12,0.23
4/1/1989,9.439,0.153
5/1/1989,14.031,0.16
6/1/1989,18.698,0.181
7/1/1989,21.974,0.242
8/1/1989,20.469,0.282
9/1/1989,16.236,0.196
10/1/1989,9.901,0.208
11/1/1989,2.597,0.157
12/1/1989,-4.068,0.086
1/1/1990,-1.123,0.195
2/1/1990,-1.747,0.107
3/1/1990,4.465,0.24
4/1/1990,9.38,0.08
5/1/1990,13.772,0.112
6/1/1990,19.78,0.255
7/1/1990,21.605,0.175
8/1/1990,20.857,0.218
9/1/1990,17.457,0.203
10/1/1990,9.592,0.159
11/1/1990,3.622,0.3
12/1/1990,-3.401,0.19
1/1/1991,-3.859,0.109
2/1/1991,1.043,0.138
3/1/1991,3.496,0.202
4/1/1991,9.144,0.141
5/1/1991,15.076,0.134
6/1/1991,19.335,0.087
7/1/1991,21.616,0.188
8/1/1991,20.866,0.195
9/1/1991,16.607,0.156
10/1/1991,10.154,0.125
11/1/1991,1.478,0.12
12/1/1991,-1.032,0.12
1/1/1992,-1.739,0.191
2/1/1992,0.662,0.187
3/1/1992,4.227,0.163
4/1/1992,8.729,0.262
5/1/1992,14.029,0.075
6/1/1992,18.477,0.227
7/1/1992,20.595,0.212
8/1/1992,19.492,0.175
9/1/1992,15.458,0.266
10/1/1992,9.527,0.083
11/1/1992,2.125,0.238
12/1/1992,-2.906,0.357
1/1/1993,-3.498,0.192
2/1/1993,-2.381,0.184
3/1/1993,3.195,0.159
4/1/1993,8.246,0.133
5/1/1993,14.63,0.247
6/1/1993,18.459,0.119
7/1/1993,21.254,0.166
8/1/1993,20.486,0.174
9/1/1993,15.534,0.184
10/1/1993,9.591,0.114
11/1/1993,1.893,0.189
12/1/1993,-1.002,0.129
1/1/1994,-3.729,0.228
2/1/1994,-2.622,0.15
3/1/1994,3.743,0.127
4/1/1994,9.035,0.167
5/1/1994,14.413,0.115
6/1/1994,19.964,0.209
7/1/1994,21.694,0.206
8/1/1994,20.807,0.147
9/1/1994,16.567,0.178
10/1/1994,9.572,0.099
11/1/1994,2.7,0.208
12/1/1994,-0.9,0.156
1/1/1995,-2.139,0.176
2/1/1995,0.257,0.175
3/1/1995,3.055,0.131
4/1/1995,7.975,0.189
5/1/1995,13.717,0.126
6/1/1995,18.469,0.162
7/1/1995,21.632,0.147
8/1/1995,21.586,0.157
9/1/1995,16.739,0.179
10/1/1995,10.03,0.111
11/1/1995,2.613,0.132
12/1/1995,-1.962,0.093
1/1/1996,-4.316,0.174
2/1/1996,-0.887,0.126
3/1/1996,2.021,0.1
4/1/1996,7.975,0.182
5/1/1996,14.586,0.135
6/1/1996,19.513,0.154
7/1/1996,21.636,0.183
8/1/1996,20.497,0.147
9/1/1996,15.429,0.172
10/1/1996,8.822,0.122
11/1/1996,1.809,0.105
12/1/1996,-2.033,0.077
1/1/1997,-4.012,0.164
2/1/1997,0.219,0.159
3/1/1997,3.757,0.216
4/1/1997,7.08,0.113
5/1/1997,13.906,0.159
6/1/1997,19.042,0.159
7/1/1997,21.597,0.246
8/1/1997,20.642,0.214
9/1/1997,17.458,0.192
10/1/1997,9.233,0.201
11/1/1997,2.947,0.098
12/1/1997,-1.794,0.089
1/1/1998,-1.69,0.125
2/1/1998,1,0.136
3/1/1998,3.317,0.146
4/1/1998,8.865,0.154
5/1/1998,15.193,0.106
6/1/1998,18.771,0.157
7/1/1998,22.626,0.141
8/1/1998,21.299,0.105
9/1/1998,18.384,0.174
10/1/1998,10.435,0.119
11/1/1998,4.521,0.068
12/1/1998,-1.027,0.104
1/1/1999,-2.55,0.091
2/1/1999,0.188,0.182
3/1/1999,2.976,0.1
4/1/1999,8.379,0.165
5/1/1999,13.885,0.157
6/1/1999,18.912,0.125
7/1/1999,21.923,0.204
8/1/1999,21.085,0.183
9/1/1999,16.269,0.179
10/1/1999,9.818,0.132
11/1/1999,5.34,0.1
12/1/1999,-1.421,0.128
1/1/2000,-2.338,0.149
2/1/2000,2.005,0.157
3/1/2000,5.146,0.135
4/1/2000,8.929,0.121
5/1/2000,15.085,0.177
6/1/2000,19.294,0.16
7/1/2000,21.605,0.231
8/1/2000,21.263,0.259
9/1/2000,16.525,0.113
10/1/2000,10.134,0.168
11/1/2000,1.608,0.091
12/1/2000,-3.459,0.186
1/1/2001,-2.052,0.142
2/1/2001,-0.73,0.157
3/1/2001,2.606,0.124
4/1/2001,9.274,0.084
5/1/2001,14.728,0.131
6/1/2001,19.357,0.175
7/1/2001,21.907,0.198
8/1/2001,21.653,0.098
9/1/2001,16.925,0.217
10/1/2001,9.586,0.094
11/1/2001,5.233,0.161
12/1/2001,-1.06,0.084
1/1/2002,-1.166,0.197
2/1/2002,-0.223,0.135
3/1/2002,2.08,0.148
4/1/2002,9.211,0.135
5/1/2002,13.908,0.128
6/1/2002,20.052,0.093
7/1/2002,22.675,0.238
8/1/2002,20.901,0.124
9/1/2002,17.518,0.118
10/1/2002,9.288,0.199
11/1/2002,3.919,0.089
12/1/2002,-0.369,0.104
1/1/2003,-1.82,0.118
2/1/2003,-1.26,0.151
3/1/2003,3.438,0.144
4/1/2003,9.014,0.228
5/1/2003,14.443,0.202
6/1/2003,18.871,0.267
7/1/2003,22.499,0.225
8/1/2003,21.833,0.3
9/1/2003,16.299,0.202
10/1/2003,11.466,0.28
11/1/2003,3.35,0.104
12/1/2003,-1.072,0.134
1/1/2004,-3.841,0.197
2/1/2004,-1.427,0.13
3/1/2004,5.178,0.175
4/1/2004,9.388,0.185
5/1/2004,15.247,0.144
6/1/2004,19.228,0.279
7/1/2004,21.663,0.166
8/1/2004,20.175,0.217
9/1/2004,16.468,0.127
10/1/2004,10.67,0.232
11/1/2004,4.191,0.113
12/1/2004,-0.93,0.112
1/1/2005,-1.884,0.112
2/1/2005,0.408,0.16
3/1/2005,3.548,0.164
4/1/2005,8.797,0.148
5/1/2005,14.204,0.154
6/1/2005,19.511,0.134
7/1/2005,22.478,0.129
8/1/2005,21.353,0.085
9/1/2005,17.73,0.074
10/1/2005,10.489,0.163
11/1/2005,3.65,0.158
12/1/2005,-1.572,0.16
1/1/2006,-0.287,0.183
2/1/2006,-0.574,0.167
3/1/2006,2.794,0.204
4/1/2006,9.85,0.262
5/1/2006,15.155,0.259
6/1/2006,19.933,0.172
7/1/2006,22.911,0.181
8/1/2006,21.079,0.185
9/1/2006,15.992,0.121
10/1/2006,9.608,0.127
11/1/2006,3.4,0.134
12/1/2006,-0.167,0.157
1/1/2007,-2.959,0.106
2/1/2007,-2.24,0.208
3/1/2007,4.446,0.142
4/1/2007,8.476,0.15
5/1/2007,15.101,0.102
6/1/2007,19.705,0.162
7/1/2007,22.352,0.162
8/1/2007,22.118,0.106
9/1/2007,17.365,0.228
10/1/2007,10.932,0.081
11/1/2007,4.502,0.124
12/1/2007,-1.748,0.133
1/1/2008,-3.883,0.164
2/1/2008,-1.586,0.122
3/1/2008,2.828,0.182
4/1/2008,7.902,0.124
5/1/2008,13.723,0.112
6/1/2008,19.381,0.181
7/1/2008,21.69,0.11
8/1/2008,20.543,0.251
9/1/2008,16.567,0.151
10/1/2008,9.164,0.125
11/1/2008,3.62,0.08
12/1/2008,-2.532,0.117
1/1/2009,-3.569,0.099
2/1/2009,-0.31,0.188
3/1/2009,2.833,0.117
4/1/2009,8.172,0.216
5/1/2009,14.884,0.17
6/1/2009,18.962,0.146
7/1/2009,21.463,0.287
8/1/2009,20.436,0.221
9/1/2009,17.167,0.118
10/1/2009,8.534,0.103
11/1/2009,4.251,0.195
12/1/2009,-3.178,0.116
1/1/2010,-3.61,0.115
2/1/2010,-2.105,0.101
3/1/2010,3.436,0.192
4/1/2010,9.55,0.094
5/1/2010,14.174,0.163
6/1/2010,19.885,0.182
7/1/2010,22.078,0.229
8/1/2010,21.703,0.256
9/1/2010,17.384,0.113
10/1/2010,10.913,0.053
11/1/2010,3.601,0.155
12/1/2010,-2.942,0.208
1/1/2011,-3.507,0.208
2/1/2011,-1.881,0.136
3/1/2011,3.462,0.106
4/1/2011,8.582,0.158
5/1/2011,13.759,0.183
6/1/2011,19.578,0.251
7/1/2011,22.722,0.22
8/1/2011,21.915,0.132
9/1/2011,17.148,0.11
10/1/2011,10.49,0.134
11/1/2011,2.966,0.186
12/1/2011,-0.635,0.253
1/1/2012,-2.268,0.232
2/1/2012,0.582,0.182
3/1/2012,6.024,0.138
4/1/2012,10.196,0.278
5/1/2012,15.422,0.196
6/1/2012,19.954,0.273
7/1/2012,23.008,0.278
8/1/2012,21.422,0.251
9/1/2012,17.036,0.185
10/1/2012,9.688,0.225
11/1/2012,3.33,0.12
12/1/2012,-1.261,0.228
1/1/2013,-2.155,0.185
2/1/2013,-1.216,0.216
3/1/2013,2.289,0.222
4/1/2013,6.97,0.221
5/1/2013,14.073,0.178
6/1/2013,20.198,0.236
7/1/2013,22.074,0.152
8/1/2013,21.168,0.249
9/1/2013,18.273,1.21
